folder;filename;range_start;range_end;reason;affected_boards;source_image_ids;import_job_ids;old_checksum_sha256;old_image_path;existing_board_count;deletion_status;deleted_batch
24517 - 50112 cut;seq_29593-29601.jpg;29593;29601;częściowo widoczne symbole;29601;"[""44a5e18a-6b0f-4bfc-8c30-8332c8e3e1af""]";"[""d82d9aba-d59c-46f7-9ee8-8a7415565e3d""]";65738c4c43c9322dc125663759e27ae740615baab797569ecf6146d07b23d279;C:\Users\tuszy\Documents\game_predicotr\imports\browser-selections\27d385b1-1580-4ece-b815-2667da19a1b7\00000565.jpg;9;removed;1
24517 - 50112 cut;seq_29602-29610.jpg;29602;29610;częściowo widoczne symbole;29610;"[""83b7cc97-fe90-4576-8ceb-bddfb4c6b37f""]";"[""d82d9aba-d59c-46f7-9ee8-8a7415565e3d""]";b9a791627bb6955c9f93128f4d4e0ec096f315a35641296a5561e3b031749947;C:\Users\tuszy\Documents\game_predicotr\imports\browser-selections\27d385b1-1580-4ece-b815-2667da19a1b7\00000566.jpg;9;removed;1
24517 - 50112 cut;seq_29611-29619.jpg;29611;29619;częściowo widoczne symbole;29619;"[""0d683881-3f05-4b2d-8d92-0d706c1a91bf""]";"[""d82d9aba-d59c-46f7-9ee8-8a7415565e3d""]";651ece6a854a332f05e10bbe31953a771bf9586852a72d82b9fb432dcb62f760;C:\Users\tuszy\Documents\game_predicotr\imports\browser-selections\27d385b1-1580-4ece-b815-2667da19a1b7\00000567.jpg;9;removed;1
24517 - 50112 cut;seq_29620-29628.jpg;29620;29628;częściowo widoczne symbole;29628;"[""7a772a57-af5d-4a21-b3c1-a14e70adadea""]";"[""d82d9aba-d59c-46f7-9ee8-8a7415565e3d""]";7e553a067b22c66b2d8903fd242f4e2f98c8b898ddbfead6a842dde6fb82262b;C:\Users\tuszy\Documents\game_predicotr\imports\browser-selections\27d385b1-1580-4ece-b815-2667da19a1b7\00000568.jpg;9;removed;1
24517 - 50112 cut;seq_29629-29637.jpg;29629;29637;częściowo widoczne symbole;29637;"[""eb072472-fe48-4d6e-96b1-2be4b6a5380e""]";"[""d82d9aba-d59c-46f7-9ee8-8a7415565e3d""]";d33da391400ac885bbc8508319d6ebc435fd5f2a4471a09c6b9c99bb08a58281;C:\Users\tuszy\Documents\game_predicotr\imports\browser-selections\27d385b1-1580-4ece-b815-2667da19a1b7\00000569.jpg;9;removed;1
50320 - 76554 cut;seq_50338-50346.jpg;50338;50346;częściowo widoczne symbole;50346;"[""86481c5d-da43-475c-80b7-6349064282f7""]";"[""092ff7a4-e652-4273-9c0a-a30e38ebd8cc""]";7da58fb8f3e80e18981a75e7bb0023e8a32380904ba075abe4c1f40f8f6744f9;C:\Users\tuszy\Documents\game_predicotr\imports\browser-selections\012155e7-f28e-4c54-8a28-133f9c11dc84\00000003.jpg;9;removed;1
50320 - 76554 cut;seq_69004-69012.jpg;69004;69012;korekta siatki, częściowo widoczne symbole;69004, 69005;"[""be9e337d-54c3-4e2e-bfaa-c03ffdc19366""]";"[""092ff7a4-e652-4273-9c0a-a30e38ebd8cc""]";045e910a956c6fb5d1059dd35aa91adc1deb346026739fadd08e6783daa4eec7;C:\Users\tuszy\Documents\game_predicotr\imports\browser-selections\012155e7-f28e-4c54-8a28-133f9c11dc84\00002077.jpg;8;removed;1
50320 - 76554 cut;seq_69013-69021.jpg;69013;69021;korekta siatki;69013;"[""46ba2306-c9f2-462c-8b97-ca07c8636948""]";"[""092ff7a4-e652-4273-9c0a-a30e38ebd8cc""]";6573bc8c788a37e253d318f5b2069f00365bb1586ab0dbf06ca6c62f95920857;C:\Users\tuszy\Documents\game_predicotr\imports\browser-selections\012155e7-f28e-4c54-8a28-133f9c11dc84\00002078.jpg;8;removed;1
50320 - 76554 cut;seq_69022-69030.jpg;69022;69030;korekta siatki;69022;"[""77cfd113-7ed9-4edd-884c-19c072474d60""]";"[""092ff7a4-e652-4273-9c0a-a30e38ebd8cc""]";08cbf4297719600f66b3bb56f9cbec87bd9ffebf643805eb29a6461d9cb5c695;C:\Users\tuszy\Documents\game_predicotr\imports\browser-selections\012155e7-f28e-4c54-8a28-133f9c11dc84\00002079.jpg;8;removed;1
50320 - 76554 cut;seq_69031-69039.jpg;69031;69039;korekta siatki;69031;"[""f3aef45e-7433-4ea3-8758-9173ad3eb332""]";"[""092ff7a4-e652-4273-9c0a-a30e38ebd8cc""]";ece17b4f2c5cc36d3308a8810802c75b27489656701445b56a4654e39bb14703;C:\Users\tuszy\Documents\game_predicotr\imports\browser-selections\012155e7-f28e-4c54-8a28-133f9c11dc84\00002080.jpg;8;removed;1
50320 - 76554 cut;seq_69040-69048.jpg;69040;69048;korekta siatki;69040, 69041;"[""607771a9-5cac-48b5-b8a4-f9b5c6812a4a""]";"[""092ff7a4-e652-4273-9c0a-a30e38ebd8cc""]";2a4582070ae3bcdf149b3f2eb9eaf9ee1ba6ad25769a95cf4f923919e487c482;C:\Users\tuszy\Documents\game_predicotr\imports\browser-selections\012155e7-f28e-4c54-8a28-133f9c11dc84\00002081.jpg;7;removed;1
50320 - 76554 cut;seq_69049-69057.jpg;69049;69057;korekta siatki;69049, 69050;"[""9fb819c3-5daf-44ea-a93c-13c8da2bfb73""]";"[""092ff7a4-e652-4273-9c0a-a30e38ebd8cc""]";ded2c9ff8e8e2f0301a356468322327cfb08d47fea6c96485e641500f38dfe08;C:\Users\tuszy\Documents\game_predicotr\imports\browser-selections\012155e7-f28e-4c54-8a28-133f9c11dc84\00002082.jpg;7;removed;1
50320 - 76554 cut;seq_69058-69066.jpg;69058;69066;korekta siatki;69058, 69059;"[""9e73b312-e56e-4c9b-8226-b76575eabd37""]";"[""092ff7a4-e652-4273-9c0a-a30e38ebd8cc""]";f69e806764c9e6f4d5d5cc3766ad61d3e236dc1143564c79fbbef3b41a9f094e;C:\Users\tuszy\Documents\game_predicotr\imports\browser-selections\012155e7-f28e-4c54-8a28-133f9c11dc84\00002083.jpg;7;removed;1
50320 - 76554 cut;seq_69067-69075.jpg;69067;69075;korekta siatki;69067;"[""b3098e3b-0d1b-4519-9e79-389dc4ba1040""]";"[""092ff7a4-e652-4273-9c0a-a30e38ebd8cc""]";0897eb35eaec1b90df33984a8e771dc78f94708ed59157f8bab35a44048d42a2;C:\Users\tuszy\Documents\game_predicotr\imports\browser-selections\012155e7-f28e-4c54-8a28-133f9c11dc84\00002084.jpg;8;removed;1
76555 - 103221 cut;seq_87787-87795.jpg;87787;87795;korekta siatki;87787, 87788;"[""fa677d73-45b7-4bd5-b2e0-b9a5ff26a74f""]";"[""c1095640-d1eb-4e9f-b141-c88c39430caa""]";e6bf672523e5830ce78248d7336feaceadadd13b38a6be56d148b226370d0870;C:\Users\tuszy\Documents\game_predicotr\imports\browser-selections\cd2b0f83-91d9-434c-a11c-cc8ed44416c0\00001607.jpg;7;removed;1
103222 - 108252 cut;seq_105220-105228.jpg;105220;105228;korekta siatki;105221, 105222;"[""eaa32280-08e9-44b0-b34f-c6fc221176a1""]";"[""103c3ce8-145b-489b-baa9-41a8f109a5e1""]";330f5f9defafef4c819fa088e696ea22a3d79ce526c72bd8321cb3b04bbea052;C:\Users\tuszy\Documents\game_predicotr\imports\browser-selections\4ee51498-d07f-4815-ad41-033466fe65df\00000223.jpg;7;removed;1
249886 - 269460 cut;seq_261487-261495.jpg;261487;261495;korekta siatki;261487;"[""c00255b6-e758-46d9-82ee-d5a761e2651d""]";"[""7b38183d-b46a-4c8c-a3a7-8e903bd5cd92""]";6bfa88257d070945c630f2debe4cbd8c201193f659da5474e1269b9d9e86b763;C:\Users\tuszy\Documents\game_predicotr\imports\browser-selections\2c1fdc37-5f96-48e7-836c-1b57de368ff0\00001290.jpg;8;removed;1
249886 - 269460 cut;seq_261496-261504.jpg;261496;261504;korekta siatki;261496;"[""f6b92cad-37a6-4bf4-8ecd-464d8e90c306""]";"[""7b38183d-b46a-4c8c-a3a7-8e903bd5cd92""]";fdbc4fec2f773e0ae27b393dcdea0505b8e6dd3625be29247ffb8f539b39f19e;C:\Users\tuszy\Documents\game_predicotr\imports\browser-selections\2c1fdc37-5f96-48e7-836c-1b57de368ff0\00001291.jpg;8;removed;1
249886 - 269460 cut;seq_261541-261549.jpg;261541;261549;korekta siatki;261541;"[""b04d24af-8e52-4f90-981c-df361f68ee29""]";"[""7b38183d-b46a-4c8c-a3a7-8e903bd5cd92""]";5d7c2979badafc375644fb408d428cf66c55807df39c290ee9fa9bef5c62d584;C:\Users\tuszy\Documents\game_predicotr\imports\browser-selections\2c1fdc37-5f96-48e7-836c-1b57de368ff0\00001296.jpg;8;removed;1
321832- 346680 cut;seq_326791-326799.jpg;326791;326799;korekta siatki;326791;"[""4243c348-42e3-4708-b350-dc2ab25c42cd""]";"[""40f35909-bc88-42f4-a0e4-f50df5f89774""]";dc39663d72285e1718ecc0c8a9685488f0a159bd65248c5244d233c8554c15a9;C:\Users\tuszy\Documents\game_predicotr\imports\browser-selections\efdaa866-8559-47db-99b6-b1cabf118070\00000552.jpg;8;removed;1
321832- 346680 cut;seq_326800-326808.jpg;326800;326808;korekta siatki;326800, 326801;"[""d947a18f-9efd-4fa9-b5ef-e4894e9f758a""]";"[""40f35909-bc88-42f4-a0e4-f50df5f89774""]";e6356d1853dacc3aacfef2eaa7af22a50d7e8f431b26cf197585154d47795b50;C:\Users\tuszy\Documents\game_predicotr\imports\browser-selections\efdaa866-8559-47db-99b6-b1cabf118070\00000553.jpg;7;removed;1
417664- 444276 cut;seq_419932-419940.jpg;419932;419940;korekta siatki;419940;"[""efb5076d-4978-47f9-957f-876f5bb7af18""]";"[""e6134e26-b8b5-4796-8741-4a2aa1934e87""]";d4e7fbc377e8f07851cd39ab34481e94619c6f625a5d3301e3a2a8093849a9e9;C:\Users\tuszy\Documents\game_predicotr\imports\browser-selections\c2d8bd73-3718-4853-bcae-08dfd7be2ebb\00000253.jpg;8;removed;1
417664- 444276 cut;seq_419941-419949.jpg;419941;419949;korekta siatki;419949;"[""8039de08-c4c3-4aae-a052-7212ec7426a7""]";"[""e6134e26-b8b5-4796-8741-4a2aa1934e87""]";b2ba9551c1bf05898ca9782881a51aa14e76886b1c60f73fd832e40240e21ec0;C:\Users\tuszy\Documents\game_predicotr\imports\browser-selections\c2d8bd73-3718-4853-bcae-08dfd7be2ebb\00000254.jpg;8;removed;1
417664- 444276 cut;seq_419950-419958.jpg;419950;419958;korekta siatki;419958;"[""b51301d2-635f-4726-9e96-2dc4eb951a9f""]";"[""e6134e26-b8b5-4796-8741-4a2aa1934e87""]";d8f95836ba77abb9ca59b1834492802885af71cedad775a5449db4caa3bc5301;C:\Users\tuszy\Documents\game_predicotr\imports\browser-selections\c2d8bd73-3718-4853-bcae-08dfd7be2ebb\00000255.jpg;8;removed;1
417664- 444276 cut;seq_419959-419967.jpg;419959;419967;korekta siatki;419967;"[""f6210b45-6a2b-4787-af0a-59cc8c57fa48""]";"[""e6134e26-b8b5-4796-8741-4a2aa1934e87""]";4653904861e4986d2c05fd224da5fd7a33214676d64ba3013d23bc8834b77696;C:\Users\tuszy\Documents\game_predicotr\imports\browser-selections\c2d8bd73-3718-4853-bcae-08dfd7be2ebb\00000256.jpg;8;removed;1
417664- 444276 cut;seq_419968-419976.jpg;419968;419976;korekta siatki;419976;"[""a822bee1-00bb-46ec-9793-f55bd5f1423b""]";"[""e6134e26-b8b5-4796-8741-4a2aa1934e87""]";15f3cc080536faa8580c28e5f0ac4b307f421d5660d7d593e5659d4220c63379;C:\Users\tuszy\Documents\game_predicotr\imports\browser-selections\c2d8bd73-3718-4853-bcae-08dfd7be2ebb\00000257.jpg;8;removed;1
417664- 444276 cut;seq_419977-419985.jpg;419977;419985;korekta siatki;419985;"[""ab040960-868a-4571-bc02-5b5df6e35ebe""]";"[""e6134e26-b8b5-4796-8741-4a2aa1934e87""]";5a35566b0a2ca320e46f7d62831d1c3a7698891b03cf02711e775d405b7c57ea;C:\Users\tuszy\Documents\game_predicotr\imports\browser-selections\c2d8bd73-3718-4853-bcae-08dfd7be2ebb\00000258.jpg;8;removed;1
417664- 444276 cut;seq_421102-421110.jpg;421102;421110;korekta siatki;421110;"[""1067ae3a-ef8a-4ed8-aea9-dc0c18f1e448""]";"[""e6134e26-b8b5-4796-8741-4a2aa1934e87""]";b70807c9f0bf025538dc91bf52bdfba5829f0e88f69f745c91f143a7637e731d;C:\Users\tuszy\Documents\game_predicotr\imports\browser-selections\c2d8bd73-3718-4853-bcae-08dfd7be2ebb\00000383.jpg;8;removed;1
417664- 444276 cut;seq_421111-421119.jpg;421111;421119;korekta siatki;421119;"[""4b880240-8d5c-48fb-9c8a-2173b936bc2e""]";"[""e6134e26-b8b5-4796-8741-4a2aa1934e87""]";7f5bb92d696e75e6ef094ee5bfcd96b152bd8e43bce7ee98b25c9ed606a9dab5;C:\Users\tuszy\Documents\game_predicotr\imports\browser-selections\c2d8bd73-3718-4853-bcae-08dfd7be2ebb\00000384.jpg;8;removed;1
417664- 444276 cut;seq_421120-421128.jpg;421120;421128;korekta siatki;421128;"[""aa867052-0b75-47e1-b36e-f5628c4431c6""]";"[""e6134e26-b8b5-4796-8741-4a2aa1934e87""]";202607344c9459f55df8c17ea50cfe27f6d2109ab78c2105eb4f4c6d3b101c73;C:\Users\tuszy\Documents\game_predicotr\imports\browser-selections\c2d8bd73-3718-4853-bcae-08dfd7be2ebb\00000385.jpg;8;removed;1
417664- 444276 cut;seq_421129-421137.jpg;421129;421137;korekta siatki;421137;"[""c5233849-71f4-4061-a577-f193973eba95""]";"[""e6134e26-b8b5-4796-8741-4a2aa1934e87""]";c860b8ec1f356f09c01ed492295347ca8ff471c25d8e7e78a68c804bd44c40e6;C:\Users\tuszy\Documents\game_predicotr\imports\browser-selections\c2d8bd73-3718-4853-bcae-08dfd7be2ebb\00000386.jpg;8;removed;1
417664- 444276 cut;seq_421165-421173.jpg;421165;421173;korekta siatki;421173;"[""5c08c3e3-021b-41da-a304-2f0ddc225986""]";"[""e6134e26-b8b5-4796-8741-4a2aa1934e87""]";48f097bd7d4b39abaf8eefcac94a1235d7938fa6701facb25321660c651ede46;C:\Users\tuszy\Documents\game_predicotr\imports\browser-selections\c2d8bd73-3718-4853-bcae-08dfd7be2ebb\00000390.jpg;8;removed;1
417664- 444276 cut;seq_421174-421182.jpg;421174;421182;częściowo widoczne symbole;421182;"[""67681f06-95d7-4620-be04-65a67500f523""]";"[""e6134e26-b8b5-4796-8741-4a2aa1934e87""]";e61d6baa0e4665e55e36d5c690334b3807946a1d9e4ea3d6bfba040cf87c2758;C:\Users\tuszy\Documents\game_predicotr\imports\browser-selections\c2d8bd73-3718-4853-bcae-08dfd7be2ebb\00000391.jpg;9;removed;1
417664- 444276 cut;seq_421300-421308.jpg;421300;421308;korekta siatki;421308;"[""64b5eed9-4ae7-40b2-a963-7c5e14b5b807""]";"[""e6134e26-b8b5-4796-8741-4a2aa1934e87""]";aa51457ebe33d1ddb44682b8c8f9893736c828e25627675ba08294cb4f41c393;C:\Users\tuszy\Documents\game_predicotr\imports\browser-selections\c2d8bd73-3718-4853-bcae-08dfd7be2ebb\00000405.jpg;8;removed;1
417664- 444276 cut;seq_421381-421389.jpg;421381;421389;korekta siatki;421389;"[""30b7e186-e36d-4b5b-86ea-1a7fadf47ff0""]";"[""e6134e26-b8b5-4796-8741-4a2aa1934e87""]";9155aa45a361a8d022409b4267948296b2c103ee68f0bb32db56e7cb3a5a5538;C:\Users\tuszy\Documents\game_predicotr\imports\browser-selections\c2d8bd73-3718-4853-bcae-08dfd7be2ebb\00000414.jpg;8;removed;1
417664- 444276 cut;seq_421390-421398.jpg;421390;421398;korekta siatki;421398;"[""336cc1ea-51c3-4771-83a0-979f1859af84""]";"[""e6134e26-b8b5-4796-8741-4a2aa1934e87""]";ea608eb5d5072fd5117340128b4469488eb56a35727b612ed38d936ab8d62e67;C:\Users\tuszy\Documents\game_predicotr\imports\browser-selections\c2d8bd73-3718-4853-bcae-08dfd7be2ebb\00000415.jpg;8;removed;1
417664- 444276 cut;seq_421399-421407.jpg;421399;421407;korekta siatki;421407;"[""a773227b-a54a-4531-b577-606f7c943f51""]";"[""e6134e26-b8b5-4796-8741-4a2aa1934e87""]";157694396cd363b190dba74f25024498d9fbd49d1a2e69028f51b4c0bb95a562;C:\Users\tuszy\Documents\game_predicotr\imports\browser-selections\c2d8bd73-3718-4853-bcae-08dfd7be2ebb\00000416.jpg;8;removed;1
417664- 444276 cut;seq_421408-421416.jpg;421408;421416;korekta siatki;421416;"[""90efed2e-5cc9-4ad6-89cf-b9fd0547aea3""]";"[""e6134e26-b8b5-4796-8741-4a2aa1934e87""]";2c5ebfc4bed040ec0029aeddc9877b08c4047655ac19cd3fe82001184bfaa8f5;C:\Users\tuszy\Documents\game_predicotr\imports\browser-selections\c2d8bd73-3718-4853-bcae-08dfd7be2ebb\00000417.jpg;8;removed;1
417664- 444276 cut;seq_421417-421425.jpg;421417;421425;korekta siatki;421425;"[""1930a2c8-599e-4cdd-85f0-5eb126b2a157""]";"[""e6134e26-b8b5-4796-8741-4a2aa1934e87""]";9e73d93f582260ef12f39ee3af730f234aba0ac87209fcca63c6370f21e4766a;C:\Users\tuszy\Documents\game_predicotr\imports\browser-selections\c2d8bd73-3718-4853-bcae-08dfd7be2ebb\00000418.jpg;8;removed;1
417664- 444276 cut;seq_422776-422784.jpg;422776;422784;częściowo widoczne symbole;422784;"[""71de674d-69ed-4ed7-a5f1-9457cee4750e""]";"[""e6134e26-b8b5-4796-8741-4a2aa1934e87""]";ead278bd9cbd68d4bfc0dc44bc8545757502ec4521545d37e438309461b00191;C:\Users\tuszy\Documents\game_predicotr\imports\browser-selections\c2d8bd73-3718-4853-bcae-08dfd7be2ebb\00000569.jpg;9;removed;1
417664- 444276 cut;seq_422785-422793.jpg;422785;422793;korekta siatki;422793;"[""8588f70e-55ce-4120-bb1f-eacf166d9cc9""]";"[""e6134e26-b8b5-4796-8741-4a2aa1934e87""]";88d7224373908a78c97dafb57fa67a47da8dc25fe003551c95c5266951f667a2;C:\Users\tuszy\Documents\game_predicotr\imports\browser-selections\c2d8bd73-3718-4853-bcae-08dfd7be2ebb\00000570.jpg;8;removed;1
417664- 444276 cut;seq_422794-422802.jpg;422794;422802;korekta siatki;422802;"[""aa0689d5-6526-4d17-a9aa-0a0b969438e7""]";"[""e6134e26-b8b5-4796-8741-4a2aa1934e87""]";fffa8e909b4ed5a268c4cfb2b3886635523b89958e4dc99da76e739dac98615f;C:\Users\tuszy\Documents\game_predicotr\imports\browser-selections\c2d8bd73-3718-4853-bcae-08dfd7be2ebb\00000571.jpg;8;removed;1
417664- 444276 cut;seq_422803-422811.jpg;422803;422811;korekta siatki;422811;"[""0513c8d1-47d9-495d-a7d0-de795df177ad""]";"[""e6134e26-b8b5-4796-8741-4a2aa1934e87""]";8a87ed6c4335836d11582cc574af0a4a2c04a3d8d37958019be310910b875b76;C:\Users\tuszy\Documents\game_predicotr\imports\browser-selections\c2d8bd73-3718-4853-bcae-08dfd7be2ebb\00000572.jpg;8;removed;1
417664- 444276 cut;seq_422812-422820.jpg;422812;422820;korekta siatki;422820;"[""83285bff-cb64-404d-a5be-593077858f77""]";"[""e6134e26-b8b5-4796-8741-4a2aa1934e87""]";c1bf38be3f9c7f94b79e61f388867995ff156d2c54a7864db0091280ee83a2ab;C:\Users\tuszy\Documents\game_predicotr\imports\browser-selections\c2d8bd73-3718-4853-bcae-08dfd7be2ebb\00000573.jpg;8;removed;1
417664- 444276 cut;seq_422821-422829.jpg;422821;422829;korekta siatki;422829;"[""5243c416-bb5f-48af-a4a7-7d16fede629b""]";"[""e6134e26-b8b5-4796-8741-4a2aa1934e87""]";4a07b873f2145a84e7dfeaf99fb0c6808c0590724ae7076010ec25397f188052;C:\Users\tuszy\Documents\game_predicotr\imports\browser-selections\c2d8bd73-3718-4853-bcae-08dfd7be2ebb\00000574.jpg;8;removed;1
417664- 444276 cut;seq_422830-422838.jpg;422830;422838;korekta siatki;422838;"[""1a9e2dc2-0d38-417d-8cda-1f922f2178db""]";"[""e6134e26-b8b5-4796-8741-4a2aa1934e87""]";cec9fa13fc50c5b46da7305a3921c967a32ad58a83610d828ea7321bc076c350;C:\Users\tuszy\Documents\game_predicotr\imports\browser-selections\c2d8bd73-3718-4853-bcae-08dfd7be2ebb\00000575.jpg;8;removed;1
417664- 444276 cut;seq_422902-422910.jpg;422902;422910;korekta siatki;422910;"[""30290b01-a7d5-4426-91f6-acc9019fb338""]";"[""e6134e26-b8b5-4796-8741-4a2aa1934e87""]";22732a9e2c9a504585423b7f89667c0831ce72f50361ad5af90046f1aae73ee3;C:\Users\tuszy\Documents\game_predicotr\imports\browser-selections\c2d8bd73-3718-4853-bcae-08dfd7be2ebb\00000583.jpg;8;removed;1
417664- 444276 cut;seq_423352-423360.jpg;423352;423360;korekta siatki;423360;"[""6fb2a3ef-dae2-451f-8617-c736856b1c84""]";"[""e6134e26-b8b5-4796-8741-4a2aa1934e87""]";06ac4c124899850d821b6b414beaf51946cff0d42a5c1130950129767a7c8ac7;C:\Users\tuszy\Documents\game_predicotr\imports\browser-selections\c2d8bd73-3718-4853-bcae-08dfd7be2ebb\00000633.jpg;8;removed;1
417664- 444276 cut;seq_423361-423369.jpg;423361;423369;korekta siatki;423369;"[""99c18729-9f02-46ec-b933-1cf48ae940ca""]";"[""e6134e26-b8b5-4796-8741-4a2aa1934e87""]";6182d8475cf4998dcdf4fd862e38851dd62e2aa5a9ddd93229ed885f7908afb6;C:\Users\tuszy\Documents\game_predicotr\imports\browser-selections\c2d8bd73-3718-4853-bcae-08dfd7be2ebb\00000634.jpg;8;removed;1
417664- 444276 cut;seq_423370-423378.jpg;423370;423378;korekta siatki;423378;"[""c344f85c-6d2b-47dc-a4c0-f26e5f41f2cf""]";"[""e6134e26-b8b5-4796-8741-4a2aa1934e87""]";87a5670bfb1cecfa2c02295c62b71ff678f157b9b6058895727f8481bcf56e51;C:\Users\tuszy\Documents\game_predicotr\imports\browser-selections\c2d8bd73-3718-4853-bcae-08dfd7be2ebb\00000635.jpg;8;removed;1
417664- 444276 cut;seq_424774-424782.jpg;424774;424782;korekta siatki;424782;"[""6f992abe-51ad-4da0-b420-92b3b53d34c2""]";"[""e6134e26-b8b5-4796-8741-4a2aa1934e87""]";395eb129f2fd5626e6f9385eb1e07fef037537a053a2f3aa1d7257221b9a81ca;C:\Users\tuszy\Documents\game_predicotr\imports\browser-selections\c2d8bd73-3718-4853-bcae-08dfd7be2ebb\00000791.jpg;8;removed;1
417664- 444276 cut;seq_424783-424791.jpg;424783;424791;korekta siatki;424791;"[""8ce2f13a-82c1-4908-9067-23760d4865fd""]";"[""e6134e26-b8b5-4796-8741-4a2aa1934e87""]";454f467b71a9ae96511aac84e9a86560292e22b01f6911704267524fed6f41ae;C:\Users\tuszy\Documents\game_predicotr\imports\browser-selections\c2d8bd73-3718-4853-bcae-08dfd7be2ebb\00000792.jpg;8;removed;1
417664- 444276 cut;seq_424792-424800.jpg;424792;424800;częściowo widoczne symbole;424800;"[""a3d97a32-9dec-4f92-b630-12ff4f18f8ac""]";"[""e6134e26-b8b5-4796-8741-4a2aa1934e87""]";826a03e38ba9d85646ac23c651f89d5179155a5b94f5089ad2ace7fdf2de0b3b;C:\Users\tuszy\Documents\game_predicotr\imports\browser-selections\c2d8bd73-3718-4853-bcae-08dfd7be2ebb\00000793.jpg;9;removed;1
417664- 444276 cut;seq_428347-428355.jpg;428347;428355;korekta siatki;428355;"[""f5904e44-e6b9-4e36-8fea-6c7aaf8d3c31""]";"[""e6134e26-b8b5-4796-8741-4a2aa1934e87""]";0e9cd07edacefbed082b932c266814efb29ed60480f48054172b1fd45c9476c2;C:\Users\tuszy\Documents\game_predicotr\imports\browser-selections\c2d8bd73-3718-4853-bcae-08dfd7be2ebb\00001188.jpg;8;removed;1
417664- 444276 cut;seq_428356-428364.jpg;428356;428364;korekta siatki;428364;"[""09e2a380-9ce6-408f-8e70-75b3d42df23b""]";"[""e6134e26-b8b5-4796-8741-4a2aa1934e87""]";6c81e07b2bb8a4df3eaf87d5358f9b59066f2f87c2e3d50ae4eda06a2f4acfe0;C:\Users\tuszy\Documents\game_predicotr\imports\browser-selections\c2d8bd73-3718-4853-bcae-08dfd7be2ebb\00001189.jpg;8;removed;1
417664- 444276 cut;seq_428365-428373.jpg;428365;428373;korekta siatki;428373;"[""238922e1-c002-4e2d-a6bb-fd7777e3ed9b""]";"[""e6134e26-b8b5-4796-8741-4a2aa1934e87""]";ee60a9241070e10d4001e4f52049ff9c0c1a92b3470d609347d453318c74b25c;C:\Users\tuszy\Documents\game_predicotr\imports\browser-selections\c2d8bd73-3718-4853-bcae-08dfd7be2ebb\00001190.jpg;8;removed;2
417664- 444276 cut;seq_428374-428382.jpg;428374;428382;korekta siatki;428382;"[""a7e84c45-7673-4138-a8bf-883b0a5ddd9d""]";"[""e6134e26-b8b5-4796-8741-4a2aa1934e87""]";c2dab88ad01ab21a81fcfdf26e098b8e75a6a3e621770270dbca6c51d09283da;C:\Users\tuszy\Documents\game_predicotr\imports\browser-selections\c2d8bd73-3718-4853-bcae-08dfd7be2ebb\00001191.jpg;8;removed;2
417664- 444276 cut;seq_428383-428391.jpg;428383;428391;częściowo widoczne symbole;428391;"[""84a20656-4cf2-445c-b660-284e56e84606""]";"[""e6134e26-b8b5-4796-8741-4a2aa1934e87""]";c86c19e6f39dd7ee242016799dd5a8c349e076319e9787cd8222565b8e599e00;C:\Users\tuszy\Documents\game_predicotr\imports\browser-selections\c2d8bd73-3718-4853-bcae-08dfd7be2ebb\00001192.jpg;9;removed;2
417664- 444276 cut;seq_428446-428454.jpg;428446;428454;korekta siatki;428454;"[""11244a3b-7fb5-49f8-b385-54702b8ee193""]";"[""e6134e26-b8b5-4796-8741-4a2aa1934e87""]";c6a864844cfe0c3368090a849113cb24da889a92b9ba342b5bf86706632ce44e;C:\Users\tuszy\Documents\game_predicotr\imports\browser-selections\c2d8bd73-3718-4853-bcae-08dfd7be2ebb\00001199.jpg;8;removed;2
417664- 444276 cut;seq_438868-438876.jpg;438868;438876;korekta siatki;438875, 438876;"[""bfd17422-f7c6-4fcd-8dcd-4c1bc596eaef""]";"[""e6134e26-b8b5-4796-8741-4a2aa1934e87""]";e2b7616ef3f26bcdcd960a761786c8674017d351c58cddbc5823db0a0c89be5c;C:\Users\tuszy\Documents\game_predicotr\imports\browser-selections\c2d8bd73-3718-4853-bcae-08dfd7be2ebb\00002357.jpg;7;removed;2
417664- 444276 cut;seq_438877-438885.jpg;438877;438885;korekta siatki;438885;"[""fa4ca135-ad3d-4cb2-b90a-61ff91dced4a""]";"[""e6134e26-b8b5-4796-8741-4a2aa1934e87""]";ce34d07b4c4bcca2d082256b381c9ff766cb212b2daf53bc0693678e479986a0;C:\Users\tuszy\Documents\game_predicotr\imports\browser-selections\c2d8bd73-3718-4853-bcae-08dfd7be2ebb\00002358.jpg;8;removed;2
417664- 444276 cut;seq_438886-438894.jpg;438886;438894;korekta siatki;438894;"[""71bb573e-1621-4524-8962-fba0d84bf80a""]";"[""e6134e26-b8b5-4796-8741-4a2aa1934e87""]";3fc1a0190155b10d51613d86154db18c9d53efb74dac31e2b21be88deb39318b;C:\Users\tuszy\Documents\game_predicotr\imports\browser-selections\c2d8bd73-3718-4853-bcae-08dfd7be2ebb\00002359.jpg;8;removed;2
417664- 444276 cut;seq_438895-438903.jpg;438895;438903;korekta siatki;438903;"[""b5bc1a72-e2f9-47b9-8655-2f7a9cc2caf2""]";"[""e6134e26-b8b5-4796-8741-4a2aa1934e87""]";6083229967e2822b12b3705b172296b3c6f4791adbbc254c211e47696ecddd57;C:\Users\tuszy\Documents\game_predicotr\imports\browser-selections\c2d8bd73-3718-4853-bcae-08dfd7be2ebb\00002360.jpg;8;removed;2
417664- 444276 cut;seq_439012-439020.jpg;439012;439020;częściowo widoczne symbole;439020;"[""6814a4c9-c6c1-43b9-aa83-9aecac93b2ee""]";"[""e6134e26-b8b5-4796-8741-4a2aa1934e87""]";a123160418da223a796696c2c40f060596c14f131ab4aef53b557cc691615fec;C:\Users\tuszy\Documents\game_predicotr\imports\browser-selections\c2d8bd73-3718-4853-bcae-08dfd7be2ebb\00002373.jpg;9;removed;2
417664- 444276 cut;seq_439021-439029.jpg;439021;439029;korekta siatki;439029;"[""cb64f803-d313-47b3-8d01-8988b35eff71""]";"[""e6134e26-b8b5-4796-8741-4a2aa1934e87""]";699fd938be146804650f62f79386e173916e818f0512ba817b2da7406a490edf;C:\Users\tuszy\Documents\game_predicotr\imports\browser-selections\c2d8bd73-3718-4853-bcae-08dfd7be2ebb\00002374.jpg;8;removed;2
417664- 444276 cut;seq_439309-439317.jpg;439309;439317;korekta siatki;439317;"[""af98909f-319a-4957-a0ed-8eec8d33e507""]";"[""e6134e26-b8b5-4796-8741-4a2aa1934e87""]";30acefc35ef2b34c8a149152705250243068f573a7b69b480d2c488dba87bb99;C:\Users\tuszy\Documents\game_predicotr\imports\browser-selections\c2d8bd73-3718-4853-bcae-08dfd7be2ebb\00002406.jpg;8;removed;2
417664- 444276 cut;seq_439984-439992.jpg;439984;439992;korekta siatki;439992;"[""deb2c3ac-0aae-4159-a83e-2a129098c95c""]";"[""e6134e26-b8b5-4796-8741-4a2aa1934e87""]";8ab520dcfc0381faeda0ab14cb161710d35bc47a2f3b6741eb2516f63b71dcdb;C:\Users\tuszy\Documents\game_predicotr\imports\browser-selections\c2d8bd73-3718-4853-bcae-08dfd7be2ebb\00002481.jpg;8;removed;2
417664- 444276 cut;seq_439993-440001.jpg;439993;440001;korekta siatki;440001;"[""f9b99c60-568c-497c-a2a4-32287da43ffd""]";"[""e6134e26-b8b5-4796-8741-4a2aa1934e87""]";31d1e7f8b8e005eb03727e9d323e0fcedb3c710be3e58fdcfa2605a88286164d;C:\Users\tuszy\Documents\game_predicotr\imports\browser-selections\c2d8bd73-3718-4853-bcae-08dfd7be2ebb\00002482.jpg;8;removed;2
417664- 444276 cut;seq_440002-440010.jpg;440002;440010;korekta siatki;440010;"[""9c8c2ee7-5b2a-4eaa-b38e-726393f7fc52""]";"[""e6134e26-b8b5-4796-8741-4a2aa1934e87""]";ea2d63377ee0a98b2a5ac7a2d90d4b2799f683f985f7c06c26dd5f45a5d0db2a;C:\Users\tuszy\Documents\game_predicotr\imports\browser-selections\c2d8bd73-3718-4853-bcae-08dfd7be2ebb\00002483.jpg;8;removed;2
417664- 444276 cut;seq_440011-440019.jpg;440011;440019;korekta siatki;440019;"[""6f9c8892-0b4a-4850-9e8f-dafffcc516d8""]";"[""e6134e26-b8b5-4796-8741-4a2aa1934e87""]";57f68d0f4c7751cc0a13d03f94d65f931b604638f59ba581a13d460d095722b0;C:\Users\tuszy\Documents\game_predicotr\imports\browser-selections\c2d8bd73-3718-4853-bcae-08dfd7be2ebb\00002484.jpg;8;removed;2
417664- 444276 cut;seq_440020-440028.jpg;440020;440028;korekta siatki;440028;"[""e5fc0ab8-fac1-4fb2-bae2-6edbdacc5ae9""]";"[""e6134e26-b8b5-4796-8741-4a2aa1934e87""]";c96fe44e1eb1fcce211d1db856433d863ade2533e3fe9332efe56d2a7147836a;C:\Users\tuszy\Documents\game_predicotr\imports\browser-selections\c2d8bd73-3718-4853-bcae-08dfd7be2ebb\00002485.jpg;8;removed;2
417664- 444276 cut;seq_440029-440037.jpg;440029;440037;korekta siatki;440037;"[""6842ae7d-d77b-4bcc-abce-aebf9b14d19b""]";"[""e6134e26-b8b5-4796-8741-4a2aa1934e87""]";052b8a712b08484d7ed38fecbe63b134d9b20a0d67afbc50d7412ae3252e0441;C:\Users\tuszy\Documents\game_predicotr\imports\browser-selections\c2d8bd73-3718-4853-bcae-08dfd7be2ebb\00002486.jpg;8;removed;2
417664- 444276 cut;seq_440038-440046.jpg;440038;440046;korekta siatki;440046;"[""addf5bd7-ece7-4be3-b776-0d8fa3c4c6ee""]";"[""e6134e26-b8b5-4796-8741-4a2aa1934e87""]";da2acac329723768bfd143feff9c2dd21f41b4a61dd0fa2650ece661f2ca321c;C:\Users\tuszy\Documents\game_predicotr\imports\browser-selections\c2d8bd73-3718-4853-bcae-08dfd7be2ebb\00002487.jpg;8;removed;2
417664- 444276 cut;seq_440047-440055.jpg;440047;440055;korekta siatki;440055;"[""113c23d4-6763-4206-893c-e274f4d8cb96""]";"[""e6134e26-b8b5-4796-8741-4a2aa1934e87""]";9a207467ccb9457d39ab2462ee170a3c085178fed8210cab490e92032a6000e6;C:\Users\tuszy\Documents\game_predicotr\imports\browser-selections\c2d8bd73-3718-4853-bcae-08dfd7be2ebb\00002488.jpg;8;removed;2
417664- 444276 cut;seq_440056-440064.jpg;440056;440064;korekta siatki;440064;"[""91ee6de8-dbc7-4dd4-9aa5-ecb90f192454""]";"[""e6134e26-b8b5-4796-8741-4a2aa1934e87""]";0b27c8c6a022a40aba45de00695adda4ab1807747f6d90b59b8c92f13361b4df;C:\Users\tuszy\Documents\game_predicotr\imports\browser-selections\c2d8bd73-3718-4853-bcae-08dfd7be2ebb\00002489.jpg;8;removed;2
417664- 444276 cut;seq_440065-440073.jpg;440065;440073;korekta siatki;440073;"[""f8dcbe54-c232-43fa-a8e1-0368abbe75e6""]";"[""e6134e26-b8b5-4796-8741-4a2aa1934e87""]";ebb514f891b5fefd333be9a52e4bec392226dddafc29e77234d6016fe3cbb9e8;C:\Users\tuszy\Documents\game_predicotr\imports\browser-selections\c2d8bd73-3718-4853-bcae-08dfd7be2ebb\00002490.jpg;8;removed;2
417664- 444276 cut;seq_440074-440082.jpg;440074;440082;korekta siatki;440082;"[""a0743eb7-10d8-4476-bf91-7442dc8c961e""]";"[""e6134e26-b8b5-4796-8741-4a2aa1934e87""]";ee58ad5c2430e72fbf5c4c09f660c41a3b436bd381c6ea3eb64dcb1548b02c39;C:\Users\tuszy\Documents\game_predicotr\imports\browser-selections\c2d8bd73-3718-4853-bcae-08dfd7be2ebb\00002491.jpg;8;removed;2
417664- 444276 cut;seq_440083-440091.jpg;440083;440091;korekta siatki;440091;"[""94ea0a4c-00b4-477e-b10c-7ee3c7567f1d""]";"[""e6134e26-b8b5-4796-8741-4a2aa1934e87""]";276e838b34df67daa15e331190000c19b5e2bb0a0b61cd28a73a682a0158fd6c;C:\Users\tuszy\Documents\game_predicotr\imports\browser-selections\c2d8bd73-3718-4853-bcae-08dfd7be2ebb\00002492.jpg;8;removed;2
417664- 444276 cut;seq_440092-440100.jpg;440092;440100;korekta siatki;440100;"[""a63f4246-5155-44c9-9a1a-8dbdc71b3bca""]";"[""e6134e26-b8b5-4796-8741-4a2aa1934e87""]";143493c980b01be248cb3c4d8584a7643443f10ce4c04207a0a2f1f213878ca2;C:\Users\tuszy\Documents\game_predicotr\imports\browser-selections\c2d8bd73-3718-4853-bcae-08dfd7be2ebb\00002493.jpg;8;removed;2
417664- 444276 cut;seq_440101-440109.jpg;440101;440109;korekta siatki;440109;"[""1833422e-774f-43e3-97cc-25fcf2bc2826""]";"[""e6134e26-b8b5-4796-8741-4a2aa1934e87""]";0ffd25da342a200beefb4c36ea56b4f5766f406fa917052a5f8244a4f254a25d;C:\Users\tuszy\Documents\game_predicotr\imports\browser-selections\c2d8bd73-3718-4853-bcae-08dfd7be2ebb\00002494.jpg;8;removed;2
417664- 444276 cut;seq_440110-440118.jpg;440110;440118;korekta siatki;440118;"[""e5ffc5e1-97ba-4f22-acb4-4de3a3c7cd89""]";"[""e6134e26-b8b5-4796-8741-4a2aa1934e87""]";4cc8c67010a9b35555b173c01197f0c0491734bd9de1e6e6b9dca7cdafe14b78;C:\Users\tuszy\Documents\game_predicotr\imports\browser-selections\c2d8bd73-3718-4853-bcae-08dfd7be2ebb\00002495.jpg;8;removed;2
417664- 444276 cut;seq_440119-440127.jpg;440119;440127;korekta siatki;440127;"[""89a99b9a-f3a7-4645-9518-efef8ef6f42f""]";"[""e6134e26-b8b5-4796-8741-4a2aa1934e87""]";079762be471c8c6e8935f1fab972d55db6ac10e94a1b9cf0b2e5d7f09b109171;C:\Users\tuszy\Documents\game_predicotr\imports\browser-selections\c2d8bd73-3718-4853-bcae-08dfd7be2ebb\00002496.jpg;8;removed;2
417664- 444276 cut;seq_440128-440136.jpg;440128;440136;korekta siatki;440136;"[""5d0810a4-90aa-49c5-a4a4-3f40f4c21d71""]";"[""e6134e26-b8b5-4796-8741-4a2aa1934e87""]";6ddbaf886c76164cfe2a9157177112f9b7f57760c01da77c5e7a5284ba1b8edf;C:\Users\tuszy\Documents\game_predicotr\imports\browser-selections\c2d8bd73-3718-4853-bcae-08dfd7be2ebb\00002497.jpg;8;removed;2
417664- 444276 cut;seq_440137-440145.jpg;440137;440145;korekta siatki;440145;"[""99e92892-28ab-4865-b8fe-12fa467178cd""]";"[""e6134e26-b8b5-4796-8741-4a2aa1934e87""]";98eccb544055d9fd456d96db3110621d50abd62e61ba118b687e217482d7bb3b;C:\Users\tuszy\Documents\game_predicotr\imports\browser-selections\c2d8bd73-3718-4853-bcae-08dfd7be2ebb\00002498.jpg;8;removed;2
417664- 444276 cut;seq_440146-440154.jpg;440146;440154;korekta siatki;440154;"[""4256b894-5a6d-438f-89a0-9384d9fa22b5""]";"[""e6134e26-b8b5-4796-8741-4a2aa1934e87""]";642c00573a246a9239642315f067cb9e84b73766c619be4150036ededc882537;C:\Users\tuszy\Documents\game_predicotr\imports\browser-selections\c2d8bd73-3718-4853-bcae-08dfd7be2ebb\00002499.jpg;8;removed;2
417664- 444276 cut;seq_440155-440163.jpg;440155;440163;korekta siatki;440163;"[""010b5b11-5264-4324-bb7a-2a618a21caa7""]";"[""e6134e26-b8b5-4796-8741-4a2aa1934e87""]";fb999335265f248d244d07e3b713b46b73b44fa54e152a19f643580fe7400708;C:\Users\tuszy\Documents\game_predicotr\imports\browser-selections\c2d8bd73-3718-4853-bcae-08dfd7be2ebb\00002500.jpg;8;removed;2
417664- 444276 cut;seq_440164-440172.jpg;440164;440172;korekta siatki;440172;"[""9d82ddc0-06dd-408e-abb0-7f1f5db15a04""]";"[""e6134e26-b8b5-4796-8741-4a2aa1934e87""]";ac89377ddeb5617af633465db540ebba291465135be52067b13c7283523a3ddf;C:\Users\tuszy\Documents\game_predicotr\imports\browser-selections\c2d8bd73-3718-4853-bcae-08dfd7be2ebb\00002501.jpg;8;removed;2
417664- 444276 cut;seq_440173-440181.jpg;440173;440181;korekta siatki;440180, 440181;"[""02470a01-acf9-4f9b-9e1d-994e890c03b4""]";"[""e6134e26-b8b5-4796-8741-4a2aa1934e87""]";2fcbf68aae944c18476fbc7b79712bc66bedeef3fc55acec6d2d9c83a3a986c1;C:\Users\tuszy\Documents\game_predicotr\imports\browser-selections\c2d8bd73-3718-4853-bcae-08dfd7be2ebb\00002502.jpg;7;removed;2
417664- 444276 cut;seq_440182-440190.jpg;440182;440190;korekta siatki;440189, 440190;"[""261fec59-c28a-4be4-b66a-238c4b971064""]";"[""e6134e26-b8b5-4796-8741-4a2aa1934e87""]";7cc5c5b83f7f8543da317476911b8771bb5855c747bca53d4289942bfdf10a85;C:\Users\tuszy\Documents\game_predicotr\imports\browser-selections\c2d8bd73-3718-4853-bcae-08dfd7be2ebb\00002503.jpg;7;removed;2
417664- 444276 cut;seq_440191-440199.jpg;440191;440199;korekta siatki;440199;"[""4ba52b52-85a6-4e6b-a0d7-a0791d0c671c""]";"[""e6134e26-b8b5-4796-8741-4a2aa1934e87""]";6b566ccc1e21ba8ac17f0a49bbd7c4e38af1cd123c011d0fa0395920a3c8ef84;C:\Users\tuszy\Documents\game_predicotr\imports\browser-selections\c2d8bd73-3718-4853-bcae-08dfd7be2ebb\00002504.jpg;8;removed;2
417664- 444276 cut;seq_440200-440208.jpg;440200;440208;korekta siatki;440208;"[""7aa01eb6-4c81-4527-9b5b-764bd3fa33f2""]";"[""e6134e26-b8b5-4796-8741-4a2aa1934e87""]";68545ed271650837231267b835a1854ebdac63dfb6629529141a4159ccdb6588;C:\Users\tuszy\Documents\game_predicotr\imports\browser-selections\c2d8bd73-3718-4853-bcae-08dfd7be2ebb\00002505.jpg;8;removed;2
417664- 444276 cut;seq_440209-440217.jpg;440209;440217;korekta siatki;440217;"[""190e967a-e77b-4cab-845d-be9ae6d89b57""]";"[""e6134e26-b8b5-4796-8741-4a2aa1934e87""]";c4189c73403bb2d05c509d18881cd526ec76c84037c2a5599ef9a6329ea6d030;C:\Users\tuszy\Documents\game_predicotr\imports\browser-selections\c2d8bd73-3718-4853-bcae-08dfd7be2ebb\00002506.jpg;8;removed;2
417664- 444276 cut;seq_440218-440226.jpg;440218;440226;korekta siatki;440226;"[""d32ae94e-46b3-43a2-ac32-7f2a39e93444""]";"[""e6134e26-b8b5-4796-8741-4a2aa1934e87""]";9c20f344742ecb6dc9d61caa8f489bf40e4937c8b9ee1280fb32161666dd3ac5;C:\Users\tuszy\Documents\game_predicotr\imports\browser-selections\c2d8bd73-3718-4853-bcae-08dfd7be2ebb\00002507.jpg;8;removed;2
417664- 444276 cut;seq_440227-440235.jpg;440227;440235;korekta siatki;440235;"[""b9cb5ac3-4753-413d-9278-86e0cc625074""]";"[""e6134e26-b8b5-4796-8741-4a2aa1934e87""]";66df58ef8906be5aff00f50218a3ef923a5bd664fec7392e40eed9166b8bfec0;C:\Users\tuszy\Documents\game_predicotr\imports\browser-selections\c2d8bd73-3718-4853-bcae-08dfd7be2ebb\00002508.jpg;8;removed;2
417664- 444276 cut;seq_440236-440244.jpg;440236;440244;korekta siatki;440244;"[""16b835b3-e3aa-4024-8563-e97e976d883b""]";"[""e6134e26-b8b5-4796-8741-4a2aa1934e87""]";a068816d7c17f4c0fa683be9b955ddc556b0a908717510e8aacbea215eadf69c;C:\Users\tuszy\Documents\game_predicotr\imports\browser-selections\c2d8bd73-3718-4853-bcae-08dfd7be2ebb\00002509.jpg;8;removed;2
417664- 444276 cut;seq_440245-440253.jpg;440245;440253;korekta siatki;440253;"[""3e5d4eb5-2f21-42a7-9315-63091058b28e""]";"[""e6134e26-b8b5-4796-8741-4a2aa1934e87""]";3d18305b325937f2f02e9fc03659e3cb427443c14a5990f9ee23b31914981af7;C:\Users\tuszy\Documents\game_predicotr\imports\browser-selections\c2d8bd73-3718-4853-bcae-08dfd7be2ebb\00002510.jpg;8;removed;2
417664- 444276 cut;seq_440254-440262.jpg;440254;440262;korekta siatki;440262;"[""8177835a-6ced-4720-9edb-22a1f809ee8e""]";"[""e6134e26-b8b5-4796-8741-4a2aa1934e87""]";5a5783b8d413acc78a860913366c101f960fe7caadcefb9cdb8a73df79adec52;C:\Users\tuszy\Documents\game_predicotr\imports\browser-selections\c2d8bd73-3718-4853-bcae-08dfd7be2ebb\00002511.jpg;8;removed;2
417664- 444276 cut;seq_440263-440271.jpg;440263;440271;korekta siatki;440271;"[""8d91c988-a499-46f2-8d83-a269655390d5""]";"[""e6134e26-b8b5-4796-8741-4a2aa1934e87""]";13fd9e334e4a0e2be21075aeeaad914068cfc6524d77dfa18e9962d0882eec07;C:\Users\tuszy\Documents\game_predicotr\imports\browser-selections\c2d8bd73-3718-4853-bcae-08dfd7be2ebb\00002512.jpg;8;removed;2
417664- 444276 cut;seq_440272-440280.jpg;440272;440280;korekta siatki;440280;"[""2ba9304b-de2f-470b-a275-142f1c04997b""]";"[""e6134e26-b8b5-4796-8741-4a2aa1934e87""]";d690f29191982271e16d3f51b96c236b5452f7dca43c2efbb800cb64cec50b18;C:\Users\tuszy\Documents\game_predicotr\imports\browser-selections\c2d8bd73-3718-4853-bcae-08dfd7be2ebb\00002513.jpg;8;removed;2
417664- 444276 cut;seq_440281-440289.jpg;440281;440289;korekta siatki;440289;"[""35b3b285-96ec-4c1c-8d82-6ec7d5490572""]";"[""e6134e26-b8b5-4796-8741-4a2aa1934e87""]";30b9f03770680c9b7ff166a13e32ff1fb93b0e0dfbf579cd8723f76336284259;C:\Users\tuszy\Documents\game_predicotr\imports\browser-selections\c2d8bd73-3718-4853-bcae-08dfd7be2ebb\00002514.jpg;8;removed;2
417664- 444276 cut;seq_440290-440298.jpg;440290;440298;korekta siatki;440298;"[""11bcd832-ff9d-45f6-b692-6d17381d66cf""]";"[""e6134e26-b8b5-4796-8741-4a2aa1934e87""]";248eaffb40e07528315b6fc131640e90d561e4b8305e6c2f2ac661bb1f86f656;C:\Users\tuszy\Documents\game_predicotr\imports\browser-selections\c2d8bd73-3718-4853-bcae-08dfd7be2ebb\00002515.jpg;8;removed;2
417664- 444276 cut;seq_440299-440307.jpg;440299;440307;korekta siatki;440307;"[""502e989c-8c33-4b95-8b8e-50605695bca8""]";"[""e6134e26-b8b5-4796-8741-4a2aa1934e87""]";315f3986e5a4d238c3393d99e2c85cdb190e66d61660e6298b000c42079fc0a9;C:\Users\tuszy\Documents\game_predicotr\imports\browser-selections\c2d8bd73-3718-4853-bcae-08dfd7be2ebb\00002516.jpg;8;removed;2
417664- 444276 cut;seq_440308-440316.jpg;440308;440316;korekta siatki;440316;"[""7d40f403-ef09-4fef-94ac-c61a6ae235b7""]";"[""e6134e26-b8b5-4796-8741-4a2aa1934e87""]";bc26c1d94f093cf679786a825182858f6f975678576a868ed7b8232f35d31e77;C:\Users\tuszy\Documents\game_predicotr\imports\browser-selections\c2d8bd73-3718-4853-bcae-08dfd7be2ebb\00002517.jpg;8;removed;2
417664- 444276 cut;seq_440317-440325.jpg;440317;440325;korekta siatki;440325;"[""397e012a-e1b0-4e0c-bfba-64763af51723""]";"[""e6134e26-b8b5-4796-8741-4a2aa1934e87""]";2a5f1457aafd89501cbb34d54b4117ba01f4e420b93d1a20054eb0596d48b1a2;C:\Users\tuszy\Documents\game_predicotr\imports\browser-selections\c2d8bd73-3718-4853-bcae-08dfd7be2ebb\00002518.jpg;8;removed;2
417664- 444276 cut;seq_440326-440334.jpg;440326;440334;korekta siatki;440334;"[""3f9728a7-06c7-492b-8293-1fd2d550b9a0""]";"[""e6134e26-b8b5-4796-8741-4a2aa1934e87""]";78890d5b9ee195488f6517a1c9c940138a7931f9d78dce15d3a1568e3a746cfd;C:\Users\tuszy\Documents\game_predicotr\imports\browser-selections\c2d8bd73-3718-4853-bcae-08dfd7be2ebb\00002519.jpg;8;removed;2
417664- 444276 cut;seq_440335-440343.jpg;440335;440343;korekta siatki;440343;"[""621ed2a1-409f-4814-bff1-b509528df794""]";"[""e6134e26-b8b5-4796-8741-4a2aa1934e87""]";99daf4e44ae7e61a7b17f0f3a2c2759530d45b18fd2c000893a57e2b54806bfa;C:\Users\tuszy\Documents\game_predicotr\imports\browser-selections\c2d8bd73-3718-4853-bcae-08dfd7be2ebb\00002520.jpg;8;removed;2
417664- 444276 cut;seq_440344-440352.jpg;440344;440352;korekta siatki;440352;"[""284694a6-3616-4aa4-bdd8-78d2f860d383""]";"[""e6134e26-b8b5-4796-8741-4a2aa1934e87""]";f1b9a68d85396d8e822f1580bc27054db01ba2e15703f2e7d317d2c0840cb4c7;C:\Users\tuszy\Documents\game_predicotr\imports\browser-selections\c2d8bd73-3718-4853-bcae-08dfd7be2ebb\00002521.jpg;8;removed;2
417664- 444276 cut;seq_440353-440361.jpg;440353;440361;korekta siatki;440361;"[""6565d14a-9c81-4f94-928a-6177baa50a0d""]";"[""e6134e26-b8b5-4796-8741-4a2aa1934e87""]";041fbe63e889aed3da144cc8e1382147d879c542e00606d7779db5092b523fab;C:\Users\tuszy\Documents\game_predicotr\imports\browser-selections\c2d8bd73-3718-4853-bcae-08dfd7be2ebb\00002522.jpg;8;removed;2
417664- 444276 cut;seq_440362-440370.jpg;440362;440370;korekta siatki;440370;"[""f09be91e-a125-4269-aed2-c3f3171e3b2d""]";"[""e6134e26-b8b5-4796-8741-4a2aa1934e87""]";e220dae83e028856e18069f9634c8fd04f6bbbbbdfdb994437466ba240a027cc;C:\Users\tuszy\Documents\game_predicotr\imports\browser-selections\c2d8bd73-3718-4853-bcae-08dfd7be2ebb\00002523.jpg;8;removed;2
417664- 444276 cut;seq_440371-440379.jpg;440371;440379;korekta siatki;440379;"[""6149aace-f4aa-43ba-b266-1aaae263aac0""]";"[""e6134e26-b8b5-4796-8741-4a2aa1934e87""]";11e4d53649ee63d27b7a7fd689b857df42c916c9f9932cc3a35550c450ceb79d;C:\Users\tuszy\Documents\game_predicotr\imports\browser-selections\c2d8bd73-3718-4853-bcae-08dfd7be2ebb\00002524.jpg;8;removed;2
417664- 444276 cut;seq_440380-440388.jpg;440380;440388;korekta siatki;440388;"[""7ca9a10c-eda5-4da8-9ad7-6f7817874e20""]";"[""e6134e26-b8b5-4796-8741-4a2aa1934e87""]";d5ed5739a9d57bd8c5333bb976f9e6d5753520bd9a790b7ec76d541270e1d70f;C:\Users\tuszy\Documents\game_predicotr\imports\browser-selections\c2d8bd73-3718-4853-bcae-08dfd7be2ebb\00002525.jpg;8;removed;3
417664- 444276 cut;seq_440389-440397.jpg;440389;440397;korekta siatki;440397;"[""81087435-226f-4786-ac83-1ed54e57d15a""]";"[""e6134e26-b8b5-4796-8741-4a2aa1934e87""]";db3ff409c5d4d4b1f732d81e27652edd34e541a335155c50baac61fad8eee2ae;C:\Users\tuszy\Documents\game_predicotr\imports\browser-selections\c2d8bd73-3718-4853-bcae-08dfd7be2ebb\00002526.jpg;8;removed;3
417664- 444276 cut;seq_440398-440406.jpg;440398;440406;korekta siatki;440406;"[""be7d8992-8ecc-4aac-9de9-92f00888991c""]";"[""e6134e26-b8b5-4796-8741-4a2aa1934e87""]";8f2725dd2f80dbabc994aab8b352a5a5338376897df588947bcfa49e74c289fc;C:\Users\tuszy\Documents\game_predicotr\imports\browser-selections\c2d8bd73-3718-4853-bcae-08dfd7be2ebb\00002527.jpg;8;removed;3
417664- 444276 cut;seq_440407-440415.jpg;440407;440415;korekta siatki;440415;"[""a74bc7fe-eb89-470a-84d6-253bca52a573""]";"[""e6134e26-b8b5-4796-8741-4a2aa1934e87""]";6481a85198f08f18afd327185981258b75d390129845e8621998fb5c9266a7e4;C:\Users\tuszy\Documents\game_predicotr\imports\browser-selections\c2d8bd73-3718-4853-bcae-08dfd7be2ebb\00002528.jpg;8;removed;3
417664- 444276 cut;seq_440416-440424.jpg;440416;440424;korekta siatki;440424;"[""3b2a30f1-f712-49f9-a7ee-284d477c3d81""]";"[""e6134e26-b8b5-4796-8741-4a2aa1934e87""]";f56976c710f2202a5065d2719983a261ebc8489da2e87ddc0ce90a4a73e45c59;C:\Users\tuszy\Documents\game_predicotr\imports\browser-selections\c2d8bd73-3718-4853-bcae-08dfd7be2ebb\00002529.jpg;8;removed;3
417664- 444276 cut;seq_440425-440433.jpg;440425;440433;korekta siatki;440433;"[""95bae114-1825-481f-bcbf-32930aea5cb3""]";"[""e6134e26-b8b5-4796-8741-4a2aa1934e87""]";28c55a8d84c5ebd0f97bcdf2674a754008cc23669ccdbbe4578719aa018ad0c3;C:\Users\tuszy\Documents\game_predicotr\imports\browser-selections\c2d8bd73-3718-4853-bcae-08dfd7be2ebb\00002530.jpg;8;removed;3
417664- 444276 cut;seq_440434-440442.jpg;440434;440442;korekta siatki;440442;"[""b77d5ff1-f411-45bf-9667-33a49c3cde53""]";"[""e6134e26-b8b5-4796-8741-4a2aa1934e87""]";39c5727cf5c333b3126f8409dffac2a78a09697693013ed0d4e80d1966a88331;C:\Users\tuszy\Documents\game_predicotr\imports\browser-selections\c2d8bd73-3718-4853-bcae-08dfd7be2ebb\00002531.jpg;8;removed;3
417664- 444276 cut;seq_440470-440478.jpg;440470;440478;częściowo widoczne symbole;440478;"[""26e045c2-9e18-43d3-9523-897a390ef2e2""]";"[""e6134e26-b8b5-4796-8741-4a2aa1934e87""]";d287bd76ff72f63ad0b0af719b3d7d0274df84a9eed2dffb8bb8a0168d53d381;C:\Users\tuszy\Documents\game_predicotr\imports\browser-selections\c2d8bd73-3718-4853-bcae-08dfd7be2ebb\00002535.jpg;9;removed;3
417664- 444276 cut;seq_440560-440568.jpg;440560;440568;korekta siatki;440568;"[""3857d962-9d9b-4729-8740-7768144d8841""]";"[""e6134e26-b8b5-4796-8741-4a2aa1934e87""]";582fbcf4a9ab0de42c1f1bfec550ddf8ca12994de76f717a3762a6e0eeb54404;C:\Users\tuszy\Documents\game_predicotr\imports\browser-selections\c2d8bd73-3718-4853-bcae-08dfd7be2ebb\00002545.jpg;8;removed;3
417664- 444276 cut;seq_440569-440577.jpg;440569;440577;korekta siatki;440577;"[""29680e01-e822-4165-b353-f15bd0f4a0dc""]";"[""e6134e26-b8b5-4796-8741-4a2aa1934e87""]";224c315e51ec05293462105854e19b4da5b5f56129040c6fd9176664c5d79a06;C:\Users\tuszy\Documents\game_predicotr\imports\browser-selections\c2d8bd73-3718-4853-bcae-08dfd7be2ebb\00002546.jpg;8;removed;3
417664- 444276 cut;seq_440578-440586.jpg;440578;440586;korekta siatki;440586;"[""1ac9d430-6b6e-4e97-999a-930ab81a221e""]";"[""e6134e26-b8b5-4796-8741-4a2aa1934e87""]";5d04e350822ce1d780d566d0033e3f58fa5a86a5a5fd4234e92ed5c747244909;C:\Users\tuszy\Documents\game_predicotr\imports\browser-selections\c2d8bd73-3718-4853-bcae-08dfd7be2ebb\00002547.jpg;8;removed;3
417664- 444276 cut;seq_440587-440595.jpg;440587;440595;korekta siatki;440595;"[""d038080a-b94c-4ee2-8873-1efa85703cd8""]";"[""e6134e26-b8b5-4796-8741-4a2aa1934e87""]";04495baeb5cb64babb5ec59754989962d0ff5e1a6bedc573840fe64b208d11c8;C:\Users\tuszy\Documents\game_predicotr\imports\browser-selections\c2d8bd73-3718-4853-bcae-08dfd7be2ebb\00002548.jpg;8;removed;3
417664- 444276 cut;seq_440596-440604.jpg;440596;440604;korekta siatki;440604;"[""d43099f8-75e6-41f9-be29-3b701cc18efb""]";"[""e6134e26-b8b5-4796-8741-4a2aa1934e87""]";9bbaff5202990e293088e961853dd6a4ffd3017e24fa5bec06dc086ca8c69413;C:\Users\tuszy\Documents\game_predicotr\imports\browser-selections\c2d8bd73-3718-4853-bcae-08dfd7be2ebb\00002549.jpg;8;removed;3
417664- 444276 cut;seq_440605-440613.jpg;440605;440613;korekta siatki;440613;"[""85b29ef4-ae13-4b22-8414-d44c74aaa0ba""]";"[""e6134e26-b8b5-4796-8741-4a2aa1934e87""]";565fe966d3fd0ee590a2a9d9e64690d0de0f468de261f21802b770190d049cc7;C:\Users\tuszy\Documents\game_predicotr\imports\browser-selections\c2d8bd73-3718-4853-bcae-08dfd7be2ebb\00002550.jpg;8;removed;3
417664- 444276 cut;seq_440614-440622.jpg;440614;440622;korekta siatki;440622;"[""bef67dc0-f9d9-4c40-85e9-4210a9293c9c""]";"[""e6134e26-b8b5-4796-8741-4a2aa1934e87""]";6830ee835c3f923b6315d0bf3f5c5e284316d302b5654a0794aa092d87e92320;C:\Users\tuszy\Documents\game_predicotr\imports\browser-selections\c2d8bd73-3718-4853-bcae-08dfd7be2ebb\00002551.jpg;8;removed;3
417664- 444276 cut;seq_440623-440631.jpg;440623;440631;korekta siatki;440631;"[""3b904226-8156-48dd-940b-0e2f6ca78938""]";"[""e6134e26-b8b5-4796-8741-4a2aa1934e87""]";04b6906a0587c15de1c4b9bd9ee3ca5efdb4779b3de13e86bf1301d032ab519f;C:\Users\tuszy\Documents\game_predicotr\imports\browser-selections\c2d8bd73-3718-4853-bcae-08dfd7be2ebb\00002552.jpg;8;removed;3
417664- 444276 cut;seq_440632-440640.jpg;440632;440640;korekta siatki;440640;"[""ae73fc58-3279-43c1-9814-356554a7ff70""]";"[""e6134e26-b8b5-4796-8741-4a2aa1934e87""]";bbc4fb61f3ad538e16922ee8e49136a574d3f9e5492db59e54b62e464dc3f32d;C:\Users\tuszy\Documents\game_predicotr\imports\browser-selections\c2d8bd73-3718-4853-bcae-08dfd7be2ebb\00002553.jpg;8;removed;3
417664- 444276 cut;seq_440641-440649.jpg;440641;440649;korekta siatki;440649;"[""4c438c0b-0a2a-472d-b46f-83e21ad68211""]";"[""e6134e26-b8b5-4796-8741-4a2aa1934e87""]";9c86bb97cc87bfdb2b8fdaa363753789e494a72c042221bc10800b6c10198568;C:\Users\tuszy\Documents\game_predicotr\imports\browser-selections\c2d8bd73-3718-4853-bcae-08dfd7be2ebb\00002554.jpg;8;removed;3
417664- 444276 cut;seq_440650-440658.jpg;440650;440658;korekta siatki;440658;"[""f6f6cd08-0295-44b7-a566-ede6d114a4ec""]";"[""e6134e26-b8b5-4796-8741-4a2aa1934e87""]";e8e29cad8d7d6ad19704a3d488ec05e932049f329c0ec302c880fa5a5fbe742e;C:\Users\tuszy\Documents\game_predicotr\imports\browser-selections\c2d8bd73-3718-4853-bcae-08dfd7be2ebb\00002555.jpg;8;removed;3
417664- 444276 cut;seq_440659-440667.jpg;440659;440667;korekta siatki;440667;"[""1bc73234-37d1-4dfa-89d2-545f7d5b6a32""]";"[""e6134e26-b8b5-4796-8741-4a2aa1934e87""]";c891040e8cf9a718e0e35b0a5b5f5dcc760a89919f4e7b1f58ccf4a4a0b8bf0f;C:\Users\tuszy\Documents\game_predicotr\imports\browser-selections\c2d8bd73-3718-4853-bcae-08dfd7be2ebb\00002556.jpg;8;removed;3
417664- 444276 cut;seq_440668-440676.jpg;440668;440676;korekta siatki;440676;"[""50bb45f0-ab78-4d97-8ec4-7171fc0dbebe""]";"[""e6134e26-b8b5-4796-8741-4a2aa1934e87""]";8b4811e24f8d02b46185a175c706eb52ffccbf01d4f03ece9e98fce351e0517f;C:\Users\tuszy\Documents\game_predicotr\imports\browser-selections\c2d8bd73-3718-4853-bcae-08dfd7be2ebb\00002557.jpg;8;removed;3
417664- 444276 cut;seq_440677-440685.jpg;440677;440685;korekta siatki;440685;"[""27189bdf-aebe-44a8-9e39-c09f083d38bd""]";"[""e6134e26-b8b5-4796-8741-4a2aa1934e87""]";72c1a48425529a3aed22701a811c392535c5e4e166fc81331e3d443fdf5fc148;C:\Users\tuszy\Documents\game_predicotr\imports\browser-selections\c2d8bd73-3718-4853-bcae-08dfd7be2ebb\00002558.jpg;8;removed;3
417664- 444276 cut;seq_440686-440694.jpg;440686;440694;korekta siatki;440694;"[""32796b5d-2542-4be0-8106-8eea320964d1""]";"[""e6134e26-b8b5-4796-8741-4a2aa1934e87""]";e7408d076cea3744987667f3a575c7206e83fbea2b516e61178229e1a8869255;C:\Users\tuszy\Documents\game_predicotr\imports\browser-selections\c2d8bd73-3718-4853-bcae-08dfd7be2ebb\00002559.jpg;8;removed;3
417664- 444276 cut;seq_440695-440703.jpg;440695;440703;korekta siatki;440703;"[""0beda8eb-db99-40a2-8932-d3311df390a9""]";"[""e6134e26-b8b5-4796-8741-4a2aa1934e87""]";7447d037cb187ee12030c64b8b309a2531d139c82ef97001c144c55c399afe67;C:\Users\tuszy\Documents\game_predicotr\imports\browser-selections\c2d8bd73-3718-4853-bcae-08dfd7be2ebb\00002560.jpg;8;removed;3
417664- 444276 cut;seq_440704-440712.jpg;440704;440712;korekta siatki;440712;"[""76ccda5f-a628-40d3-b138-1cdd977063fb""]";"[""e6134e26-b8b5-4796-8741-4a2aa1934e87""]";893d8749769dcc908ca72756fd3ef78ebb3e3c89af8b3e62c8a1f7dea145109a;C:\Users\tuszy\Documents\game_predicotr\imports\browser-selections\c2d8bd73-3718-4853-bcae-08dfd7be2ebb\00002561.jpg;8;removed;3
417664- 444276 cut;seq_440713-440721.jpg;440713;440721;korekta siatki;440721;"[""555b5e4b-9e58-4201-9e7d-91624860bf85""]";"[""e6134e26-b8b5-4796-8741-4a2aa1934e87""]";b65f823783d34c49ef56100f32d778285701fb9423c391e8541cb76da4edbbb7;C:\Users\tuszy\Documents\game_predicotr\imports\browser-selections\c2d8bd73-3718-4853-bcae-08dfd7be2ebb\00002562.jpg;8;removed;3
417664- 444276 cut;seq_440722-440730.jpg;440722;440730;korekta siatki;440730;"[""2f39ef88-6f14-4e06-b83b-b9f56e785713""]";"[""e6134e26-b8b5-4796-8741-4a2aa1934e87""]";751cc068d986edd718c194d1113344e6b9d564412dd2cf5a0f6852db723a03cf;C:\Users\tuszy\Documents\game_predicotr\imports\browser-selections\c2d8bd73-3718-4853-bcae-08dfd7be2ebb\00002563.jpg;8;removed;3
417664- 444276 cut;seq_440731-440739.jpg;440731;440739;korekta siatki;440739;"[""aa5a307a-7799-4850-bfd6-c5242d83f642""]";"[""e6134e26-b8b5-4796-8741-4a2aa1934e87""]";7d94b500bf9474cdf7e907e87e93f85a4941e0a2254202da649fb00baebd1628;C:\Users\tuszy\Documents\game_predicotr\imports\browser-selections\c2d8bd73-3718-4853-bcae-08dfd7be2ebb\00002564.jpg;8;removed;3
417664- 444276 cut;seq_440740-440748.jpg;440740;440748;korekta siatki;440748;"[""2eed76c9-68b7-46f0-b820-5e4e1f56af52""]";"[""e6134e26-b8b5-4796-8741-4a2aa1934e87""]";20570135cf20c1172f42db7d3663dcdb9fc40db40c64482611d292780a6d59a0;C:\Users\tuszy\Documents\game_predicotr\imports\browser-selections\c2d8bd73-3718-4853-bcae-08dfd7be2ebb\00002565.jpg;8;removed;3
417664- 444276 cut;seq_440749-440757.jpg;440749;440757;korekta siatki;440757;"[""5b534396-5739-4f67-b875-6e9c820abed2""]";"[""e6134e26-b8b5-4796-8741-4a2aa1934e87""]";f2c7f798029615bc3897f8bd317aa35c98b8c34e8426b5d8cba5da130b155e90;C:\Users\tuszy\Documents\game_predicotr\imports\browser-selections\c2d8bd73-3718-4853-bcae-08dfd7be2ebb\00002566.jpg;8;removed;3
417664- 444276 cut;seq_440758-440766.jpg;440758;440766;korekta siatki;440766;"[""488dc240-45fa-483d-aa86-d9576410bf97""]";"[""e6134e26-b8b5-4796-8741-4a2aa1934e87""]";06b352259baf8e9621be0cdcf392d452825d1f0aeaca18b34e2ec08d2c81057e;C:\Users\tuszy\Documents\game_predicotr\imports\browser-selections\c2d8bd73-3718-4853-bcae-08dfd7be2ebb\00002567.jpg;8;removed;3
417664- 444276 cut;seq_440767-440775.jpg;440767;440775;korekta siatki;440775;"[""0ed0cf6d-280d-4a25-a629-3d327a3041a7""]";"[""e6134e26-b8b5-4796-8741-4a2aa1934e87""]";b2d9b90fb8d56f72d8299245900fd7a9fc5d172659103fe198f262e85c703f40;C:\Users\tuszy\Documents\game_predicotr\imports\browser-selections\c2d8bd73-3718-4853-bcae-08dfd7be2ebb\00002568.jpg;8;removed;3
417664- 444276 cut;seq_440776-440784.jpg;440776;440784;korekta siatki;440784;"[""5269a84b-9106-499a-8c92-68ed154ddbae""]";"[""e6134e26-b8b5-4796-8741-4a2aa1934e87""]";3658152401779230399b84198fd797f05fc9efdd5d4e7207619cfc5724273142;C:\Users\tuszy\Documents\game_predicotr\imports\browser-selections\c2d8bd73-3718-4853-bcae-08dfd7be2ebb\00002569.jpg;8;removed;3
417664- 444276 cut;seq_440785-440793.jpg;440785;440793;korekta siatki;440793;"[""8382df39-f3d4-4243-9c3c-05dc6ac4b9df""]";"[""e6134e26-b8b5-4796-8741-4a2aa1934e87""]";6d2f8e29efef45351c143d2939cca8dd00c74dabf97daa935061a687cc76d196;C:\Users\tuszy\Documents\game_predicotr\imports\browser-selections\c2d8bd73-3718-4853-bcae-08dfd7be2ebb\00002570.jpg;8;removed;3
417664- 444276 cut;seq_440794-440802.jpg;440794;440802;korekta siatki;440802;"[""8d667b0e-ecf6-403a-b2c8-0431a8f42973""]";"[""e6134e26-b8b5-4796-8741-4a2aa1934e87""]";97f9a972f3481f9d116cbf7de5ed3d189131881565dbd4b699bdb9a9d1474ff4;C:\Users\tuszy\Documents\game_predicotr\imports\browser-selections\c2d8bd73-3718-4853-bcae-08dfd7be2ebb\00002571.jpg;8;removed;3
417664- 444276 cut;seq_440803-440811.jpg;440803;440811;korekta siatki;440811;"[""90f017bf-1641-41f3-b457-b1b3dad903ce""]";"[""e6134e26-b8b5-4796-8741-4a2aa1934e87""]";8ea3c3536fe95379709716134e0de1094f3a69974f06d68182a4ef6426fb8cbe;C:\Users\tuszy\Documents\game_predicotr\imports\browser-selections\c2d8bd73-3718-4853-bcae-08dfd7be2ebb\00002572.jpg;8;removed;3
417664- 444276 cut;seq_440812-440820.jpg;440812;440820;korekta siatki;440820;"[""797d4ca7-f35f-4513-8162-3ddce3170d7e""]";"[""e6134e26-b8b5-4796-8741-4a2aa1934e87""]";83c8b66fab441852639d7fa319f4f95f4f9f5a803fcd04152cd6d40c8b668792;C:\Users\tuszy\Documents\game_predicotr\imports\browser-selections\c2d8bd73-3718-4853-bcae-08dfd7be2ebb\00002573.jpg;8;removed;3
417664- 444276 cut;seq_440821-440829.jpg;440821;440829;korekta siatki;440829;"[""06bd5a4a-7a19-420a-b0c5-d8075da9a2f3""]";"[""e6134e26-b8b5-4796-8741-4a2aa1934e87""]";8c72bc2f02d1db44360d8c95fc41784570d2c4fe46b9d702d51e0374e0d2f678;C:\Users\tuszy\Documents\game_predicotr\imports\browser-selections\c2d8bd73-3718-4853-bcae-08dfd7be2ebb\00002574.jpg;8;removed;3
417664- 444276 cut;seq_440830-440838.jpg;440830;440838;korekta siatki;440838;"[""11f8581c-bab7-4015-af0e-7d2f6bfa99f4""]";"[""e6134e26-b8b5-4796-8741-4a2aa1934e87""]";0ae4aa232a6ec6e898d65ad4e26de0aee2671d7764c670fe86c290064bc2b663;C:\Users\tuszy\Documents\game_predicotr\imports\browser-selections\c2d8bd73-3718-4853-bcae-08dfd7be2ebb\00002575.jpg;8;removed;3
417664- 444276 cut;seq_440839-440847.jpg;440839;440847;korekta siatki;440847;"[""0719b96f-1312-42fa-9282-683f9b60d31a""]";"[""e6134e26-b8b5-4796-8741-4a2aa1934e87""]";a5820f1bbaa1df76fea1ddcff10fe79493ccbf1b93cdd7645a56d5bd5f8dcab3;C:\Users\tuszy\Documents\game_predicotr\imports\browser-selections\c2d8bd73-3718-4853-bcae-08dfd7be2ebb\00002576.jpg;8;removed;3
417664- 444276 cut;seq_440848-440856.jpg;440848;440856;korekta siatki;440856;"[""cb00c2a3-b743-4a37-8c0d-91a82a41028e""]";"[""e6134e26-b8b5-4796-8741-4a2aa1934e87""]";c2d0df03bb6302ba6ad5f5f5f4704718ee730e1850382e4d89c5955c337573a3;C:\Users\tuszy\Documents\game_predicotr\imports\browser-selections\c2d8bd73-3718-4853-bcae-08dfd7be2ebb\00002577.jpg;8;removed;3
417664- 444276 cut;seq_440857-440865.jpg;440857;440865;korekta siatki;440865;"[""5df4b889-4837-426c-afb7-087997baa514""]";"[""e6134e26-b8b5-4796-8741-4a2aa1934e87""]";b049b1655c2917633ba7144d93c6ac4cc96e8108963f31cda7b79dfcb379a0ed;C:\Users\tuszy\Documents\game_predicotr\imports\browser-selections\c2d8bd73-3718-4853-bcae-08dfd7be2ebb\00002578.jpg;8;removed;3
417664- 444276 cut;seq_440866-440874.jpg;440866;440874;korekta siatki;440874;"[""6cc9f006-3424-4af9-a31d-64c8e9235388""]";"[""e6134e26-b8b5-4796-8741-4a2aa1934e87""]";1230c2ab67105e4f17a78cfd7754ba6c42b481ce65fa76f3d3a1598db80b3da2;C:\Users\tuszy\Documents\game_predicotr\imports\browser-selections\c2d8bd73-3718-4853-bcae-08dfd7be2ebb\00002579.jpg;8;removed;3
417664- 444276 cut;seq_440875-440883.jpg;440875;440883;korekta siatki;440883;"[""d3c28d30-b361-457c-bb2a-767025a04694""]";"[""e6134e26-b8b5-4796-8741-4a2aa1934e87""]";c900f01ce9ff116602c97797117c58678a00b431f50a4b65af97193211d12653;C:\Users\tuszy\Documents\game_predicotr\imports\browser-selections\c2d8bd73-3718-4853-bcae-08dfd7be2ebb\00002580.jpg;8;removed;3
417664- 444276 cut;seq_440884-440892.jpg;440884;440892;korekta siatki;440892;"[""acc357a5-cff0-4956-8482-2861284e7400""]";"[""e6134e26-b8b5-4796-8741-4a2aa1934e87""]";602ff71cfdb3dcb9941492cd823e18eeb8f788358d8ef87653846ba412be6dd8;C:\Users\tuszy\Documents\game_predicotr\imports\browser-selections\c2d8bd73-3718-4853-bcae-08dfd7be2ebb\00002581.jpg;8;removed;3
417664- 444276 cut;seq_441406-441414.jpg;441406;441414;korekta siatki;441414;"[""fc42e75b-e5bd-4686-8263-011ba54473a8""]";"[""e6134e26-b8b5-4796-8741-4a2aa1934e87""]";70ecf2c0f943435032e9b18159b61762b2685fea4c1129e1eb378b5511eea355;C:\Users\tuszy\Documents\game_predicotr\imports\browser-selections\c2d8bd73-3718-4853-bcae-08dfd7be2ebb\00002639.jpg;8;removed;3
417664- 444276 cut;seq_441415-441423.jpg;441415;441423;korekta siatki;441423;"[""480db860-4231-45f8-8a40-430e7f5eed34""]";"[""e6134e26-b8b5-4796-8741-4a2aa1934e87""]";59a8c01a635b34072b669ce234529a95b624accda465b2443830701a8ff0109b;C:\Users\tuszy\Documents\game_predicotr\imports\browser-selections\c2d8bd73-3718-4853-bcae-08dfd7be2ebb\00002640.jpg;8;removed;3
417664- 444276 cut;seq_441424-441432.jpg;441424;441432;korekta siatki;441432;"[""f53b7b41-40c8-4304-a295-978f3e73cccf""]";"[""e6134e26-b8b5-4796-8741-4a2aa1934e87""]";df09d0d0d20c997ff1384e21af3c00dd4d4d6be219a7c2b345af640a6eb14399;C:\Users\tuszy\Documents\game_predicotr\imports\browser-selections\c2d8bd73-3718-4853-bcae-08dfd7be2ebb\00002641.jpg;8;removed;3
417664- 444276 cut;seq_441433-441441.jpg;441433;441441;korekta siatki;441441;"[""829b5d15-7aa6-45db-b5ea-ddb79467dae5""]";"[""e6134e26-b8b5-4796-8741-4a2aa1934e87""]";13bb5f3744e4fc4b2213e30aad6e50eca0fa845c9aa2205f75cd759a5e60d8f2;C:\Users\tuszy\Documents\game_predicotr\imports\browser-selections\c2d8bd73-3718-4853-bcae-08dfd7be2ebb\00002642.jpg;8;removed;3
417664- 444276 cut;seq_441442-441450.jpg;441442;441450;korekta siatki;441450;"[""cf905295-d4f8-4e05-93bd-cc7ad6864e56""]";"[""e6134e26-b8b5-4796-8741-4a2aa1934e87""]";468d86162878905c42822e95345d7dc6e67791acdaf0568bc696877c334d2d1b;C:\Users\tuszy\Documents\game_predicotr\imports\browser-selections\c2d8bd73-3718-4853-bcae-08dfd7be2ebb\00002643.jpg;8;removed;3
417664- 444276 cut;seq_441451-441459.jpg;441451;441459;korekta siatki;441459;"[""c6781b3d-e89e-44bc-8b54-3fca053493e2""]";"[""e6134e26-b8b5-4796-8741-4a2aa1934e87""]";2b54cd0d2c679a69f915fb8a49622710c0065e73dc271cc3ede04cba106cadb7;C:\Users\tuszy\Documents\game_predicotr\imports\browser-selections\c2d8bd73-3718-4853-bcae-08dfd7be2ebb\00002644.jpg;8;removed;3
417664- 444276 cut;seq_441460-441468.jpg;441460;441468;korekta siatki;441468;"[""a8e44bce-b21d-4fcd-ad82-da3324df555a""]";"[""e6134e26-b8b5-4796-8741-4a2aa1934e87""]";6e703a74be1d5aef48e544c181e039762469f61dd710fe616692a3a41176343e;C:\Users\tuszy\Documents\game_predicotr\imports\browser-selections\c2d8bd73-3718-4853-bcae-08dfd7be2ebb\00002645.jpg;8;removed;3
417664- 444276 cut;seq_441469-441477.jpg;441469;441477;korekta siatki;441477;"[""26ccc3ea-10be-492a-8001-57ca8359cabb""]";"[""e6134e26-b8b5-4796-8741-4a2aa1934e87""]";7f89c01820e7e61bca2f366b98e457dfe88269cd5f1d131277d608048c9a6b3f;C:\Users\tuszy\Documents\game_predicotr\imports\browser-selections\c2d8bd73-3718-4853-bcae-08dfd7be2ebb\00002646.jpg;8;removed;3
417664- 444276 cut;seq_441478-441486.jpg;441478;441486;korekta siatki;441486;"[""3794c991-a0bf-4960-8e07-778df802ce44""]";"[""e6134e26-b8b5-4796-8741-4a2aa1934e87""]";6cb18476c857024dcbe786d2388c60cd2b8f69a23d9e163ce6b4ef1959fcd808;C:\Users\tuszy\Documents\game_predicotr\imports\browser-selections\c2d8bd73-3718-4853-bcae-08dfd7be2ebb\00002647.jpg;8;removed;3
417664- 444276 cut;seq_441487-441495.jpg;441487;441495;korekta siatki;441495;"[""3e05375f-8d49-45a6-9350-c0f5b36ea36f""]";"[""e6134e26-b8b5-4796-8741-4a2aa1934e87""]";ae999a6e0d4cc03194e37b8df4c0a145b94adfc0f3db5a0b1cb887a7f3491f73;C:\Users\tuszy\Documents\game_predicotr\imports\browser-selections\c2d8bd73-3718-4853-bcae-08dfd7be2ebb\00002648.jpg;8;removed;3
417664- 444276 cut;seq_441523-441531.jpg;441523;441531;częściowo widoczne symbole;441531;"[""51777ef1-e39a-4a16-91c9-66ff4f95129e""]";"[""e6134e26-b8b5-4796-8741-4a2aa1934e87""]";25f242b5543f52840869779619176279b99489c9205b42519cfc35a29f4fe84b;C:\Users\tuszy\Documents\game_predicotr\imports\browser-selections\c2d8bd73-3718-4853-bcae-08dfd7be2ebb\00002652.jpg;9;removed;4
417664- 444276 cut;seq_441532-441540.jpg;441532;441540;częściowo widoczne symbole;441540;"[""64b8c7ba-bdb4-4e80-93fc-de9c82ff414b""]";"[""e6134e26-b8b5-4796-8741-4a2aa1934e87""]";52a48cc8b4ac48e7ec4762bb1f2ab408eb2124a038df30e9d366edf641627406;C:\Users\tuszy\Documents\game_predicotr\imports\browser-selections\c2d8bd73-3718-4853-bcae-08dfd7be2ebb\00002653.jpg;9;removed;4
417664- 444276 cut;seq_441820-441828.jpg;441820;441828;korekta siatki;441828;"[""08de39ca-1631-4663-b56f-cb4d1073fb12""]";"[""e6134e26-b8b5-4796-8741-4a2aa1934e87""]";c7e36a700e707de63619917134ae2948d4d1717235693d8149d95fcc6134d44a;C:\Users\tuszy\Documents\game_predicotr\imports\browser-selections\c2d8bd73-3718-4853-bcae-08dfd7be2ebb\00002685.jpg;8;removed;4
417664- 444276 cut;seq_441829-441837.jpg;441829;441837;korekta siatki;441837;"[""3b421b66-2ca1-4fa0-b6c4-2d63ad78b867""]";"[""e6134e26-b8b5-4796-8741-4a2aa1934e87""]";7d2959f396b1869f66cfeec885c4ddf19e68b6c7d70ae4d28445a848d16c56e6;C:\Users\tuszy\Documents\game_predicotr\imports\browser-selections\c2d8bd73-3718-4853-bcae-08dfd7be2ebb\00002686.jpg;8;removed;4
417664- 444276 cut;seq_441838-441846.jpg;441838;441846;korekta siatki;441846;"[""81323319-531c-4cdd-afe5-cad01fba2324""]";"[""e6134e26-b8b5-4796-8741-4a2aa1934e87""]";37257709abe74cafeee417ce19b646c71ac78c754def003f5990ad2c970f1888;C:\Users\tuszy\Documents\game_predicotr\imports\browser-selections\c2d8bd73-3718-4853-bcae-08dfd7be2ebb\00002687.jpg;8;removed;4
417664- 444276 cut;seq_441847-441855.jpg;441847;441855;korekta siatki;441855;"[""485ede11-006d-4591-83bf-e7dc14b67bfb""]";"[""e6134e26-b8b5-4796-8741-4a2aa1934e87""]";3656984a464b1c28a9f082c943776d66bcdfd92f4cca9dafeb5e73fd0b360544;C:\Users\tuszy\Documents\game_predicotr\imports\browser-selections\c2d8bd73-3718-4853-bcae-08dfd7be2ebb\00002688.jpg;8;removed;4
417664- 444276 cut;seq_441856-441864.jpg;441856;441864;korekta siatki;441864;"[""4603f60e-f57f-4b47-806b-a6ef641e5c8b""]";"[""e6134e26-b8b5-4796-8741-4a2aa1934e87""]";fcbe64249431b01136fc69e39935dd42adf7eff0ce03c7be32c3a6ee4cecdd82;C:\Users\tuszy\Documents\game_predicotr\imports\browser-selections\c2d8bd73-3718-4853-bcae-08dfd7be2ebb\00002689.jpg;8;removed;4
417664- 444276 cut;seq_441865-441873.jpg;441865;441873;korekta siatki;441873;"[""95681290-a4e1-4501-bb7a-0a9a90c1ce09""]";"[""e6134e26-b8b5-4796-8741-4a2aa1934e87""]";8904b90dfe561fdecb2465fd445c9a2e4e0421ea7944a5c7e77bf7fefa51e3b3;C:\Users\tuszy\Documents\game_predicotr\imports\browser-selections\c2d8bd73-3718-4853-bcae-08dfd7be2ebb\00002690.jpg;8;removed;4
417664- 444276 cut;seq_441874-441882.jpg;441874;441882;korekta siatki;441882;"[""f07f9ad9-6248-4556-9bb2-3b6e52d4a0b2""]";"[""e6134e26-b8b5-4796-8741-4a2aa1934e87""]";d2f75b801cbc37183d1a2ab3f126bd683c8b54616cc531b95d7eda930f5e9c5f;C:\Users\tuszy\Documents\game_predicotr\imports\browser-selections\c2d8bd73-3718-4853-bcae-08dfd7be2ebb\00002691.jpg;8;removed;4
417664- 444276 cut;seq_441883-441891.jpg;441883;441891;korekta siatki;441891;"[""2f39da05-76ca-474f-952a-be9b7329ba75""]";"[""e6134e26-b8b5-4796-8741-4a2aa1934e87""]";d8ef2d033ab9f8a3d61a2fca523bf2afb53c2532ed2e73f4e7aa7cb24472f229;C:\Users\tuszy\Documents\game_predicotr\imports\browser-selections\c2d8bd73-3718-4853-bcae-08dfd7be2ebb\00002692.jpg;8;removed;4
417664- 444276 cut;seq_442189-442197.jpg;442189;442197;korekta siatki;442197;"[""746b92f9-589d-41f7-912e-2aa571749eba""]";"[""e6134e26-b8b5-4796-8741-4a2aa1934e87""]";a5ec176fce42c68ac75e2f387065d5c5de831f9876cccb39ca6d67c2dfc16a01;C:\Users\tuszy\Documents\game_predicotr\imports\browser-selections\c2d8bd73-3718-4853-bcae-08dfd7be2ebb\00002726.jpg;8;removed;4
417664- 444276 cut;seq_442198-442206.jpg;442198;442206;korekta siatki;442206;"[""6d1f9ccd-e857-4f5e-bd57-4afb80367a75""]";"[""e6134e26-b8b5-4796-8741-4a2aa1934e87""]";5d7c945ddadf5facdc155affaa630e13c81cbee9e981012804263ecfc512e2ab;C:\Users\tuszy\Documents\game_predicotr\imports\browser-selections\c2d8bd73-3718-4853-bcae-08dfd7be2ebb\00002727.jpg;8;removed;4
417664- 444276 cut;seq_442207-442215.jpg;442207;442215;korekta siatki;442215;"[""37c2ef04-7b91-4d45-8fd0-93246f965ad5""]";"[""e6134e26-b8b5-4796-8741-4a2aa1934e87""]";45b461b757628d80aad25f7d10499058592c4cd32ceaf9a2c0871cfd0e52587d;C:\Users\tuszy\Documents\game_predicotr\imports\browser-selections\c2d8bd73-3718-4853-bcae-08dfd7be2ebb\00002728.jpg;8;removed;4
417664- 444276 cut;seq_442216-442224.jpg;442216;442224;korekta siatki;442224;"[""82c8ee48-79c4-44ee-8e99-fd298425b655""]";"[""e6134e26-b8b5-4796-8741-4a2aa1934e87""]";4b207082de7867e2f91861f38ae4b2a0bd420e60341a72413cce09f3821ca5d9;C:\Users\tuszy\Documents\game_predicotr\imports\browser-selections\c2d8bd73-3718-4853-bcae-08dfd7be2ebb\00002729.jpg;8;removed;4
417664- 444276 cut;seq_442225-442233.jpg;442225;442233;korekta siatki;442233;"[""24d9e61d-6eb5-4192-b260-f70f76c43897""]";"[""e6134e26-b8b5-4796-8741-4a2aa1934e87""]";a8c26816c1fd855706ab86d8a82a9bed6c53c045b5bcedabc162edc2af8e6cac;C:\Users\tuszy\Documents\game_predicotr\imports\browser-selections\c2d8bd73-3718-4853-bcae-08dfd7be2ebb\00002730.jpg;8;removed;4
417664- 444276 cut;seq_442234-442242.jpg;442234;442242;korekta siatki;442242;"[""e7685d5b-977b-458a-92e9-9f0638832970""]";"[""e6134e26-b8b5-4796-8741-4a2aa1934e87""]";a406cf9d229604a2499a8156d47bd491d70313a68e2723638f8777a0a3580235;C:\Users\tuszy\Documents\game_predicotr\imports\browser-selections\c2d8bd73-3718-4853-bcae-08dfd7be2ebb\00002731.jpg;8;removed;4
417664- 444276 cut;seq_442243-442251.jpg;442243;442251;korekta siatki;442251;"[""20dbe438-9d6d-4c03-867a-3d817b042ac3""]";"[""e6134e26-b8b5-4796-8741-4a2aa1934e87""]";0374c72059aea45173e73869a778770872c891963c9ec54a2fc8799718364ad6;C:\Users\tuszy\Documents\game_predicotr\imports\browser-selections\c2d8bd73-3718-4853-bcae-08dfd7be2ebb\00002732.jpg;8;removed;4
417664- 444276 cut;seq_442252-442260.jpg;442252;442260;korekta siatki;442260;"[""12d0535a-0388-41b1-9b9a-e2b439aed972""]";"[""e6134e26-b8b5-4796-8741-4a2aa1934e87""]";d852b32758017d786c00662a96a008e040fc536fa9db2e25f505a4ee017350c4;C:\Users\tuszy\Documents\game_predicotr\imports\browser-selections\c2d8bd73-3718-4853-bcae-08dfd7be2ebb\00002733.jpg;8;removed;4
417664- 444276 cut;seq_442261-442269.jpg;442261;442269;korekta siatki;442269;"[""7bce6bb2-ae82-40d6-8b25-150ed26e61cc""]";"[""e6134e26-b8b5-4796-8741-4a2aa1934e87""]";f132e43c9b45d1275311d7999247683c6f4ee533818edf626418e243598dd910;C:\Users\tuszy\Documents\game_predicotr\imports\browser-selections\c2d8bd73-3718-4853-bcae-08dfd7be2ebb\00002734.jpg;8;removed;4
417664- 444276 cut;seq_442270-442278.jpg;442270;442278;korekta siatki;442278;"[""91ec0ce9-7b7e-4085-b28c-c34ffef3cca4""]";"[""e6134e26-b8b5-4796-8741-4a2aa1934e87""]";1f92c4aede8e85139311e463080b72996a44f97ffd9584635fbfc159335e09e8;C:\Users\tuszy\Documents\game_predicotr\imports\browser-selections\c2d8bd73-3718-4853-bcae-08dfd7be2ebb\00002735.jpg;8;removed;4
417664- 444276 cut;seq_442279-442287.jpg;442279;442287;korekta siatki;442287;"[""b234c2f7-c65f-44be-8814-eaabb0db6710""]";"[""e6134e26-b8b5-4796-8741-4a2aa1934e87""]";6ff75beb5dfaf285dfa90b4ddd21a92f107bd43d529aedde76e44b8e4e0c091b;C:\Users\tuszy\Documents\game_predicotr\imports\browser-selections\c2d8bd73-3718-4853-bcae-08dfd7be2ebb\00002736.jpg;8;removed;4
417664- 444276 cut;seq_442288-442296.jpg;442288;442296;korekta siatki;442296;"[""c9ecb37c-2cd1-4875-933f-f354af789f23""]";"[""e6134e26-b8b5-4796-8741-4a2aa1934e87""]";863840d536bb293a9d6d6e1a56258e9f9ae098d908c07d3f8621e877ecfacfde;C:\Users\tuszy\Documents\game_predicotr\imports\browser-selections\c2d8bd73-3718-4853-bcae-08dfd7be2ebb\00002737.jpg;8;removed;4
417664- 444276 cut;seq_442297-442305.jpg;442297;442305;korekta siatki;442305;"[""7c229797-d932-4f80-8eb9-4ec63b2b1156""]";"[""e6134e26-b8b5-4796-8741-4a2aa1934e87""]";b3b94012c858f55e6d99ae470890862c1b794df9677bc728b26bfc7ac6776a58;C:\Users\tuszy\Documents\game_predicotr\imports\browser-selections\c2d8bd73-3718-4853-bcae-08dfd7be2ebb\00002738.jpg;8;removed;4
417664- 444276 cut;seq_442306-442314.jpg;442306;442314;korekta siatki;442314;"[""b8697e4e-f57e-4ce9-9483-289a3217cefa""]";"[""e6134e26-b8b5-4796-8741-4a2aa1934e87""]";07781cdea17239ac010f579c4965d95b3976507b7c39ce14220ad7ca337ef858;C:\Users\tuszy\Documents\game_predicotr\imports\browser-selections\c2d8bd73-3718-4853-bcae-08dfd7be2ebb\00002739.jpg;8;removed;4
417664- 444276 cut;seq_442315-442323.jpg;442315;442323;korekta siatki;442323;"[""eceadf67-6d60-4eb0-9f07-49e94d1975b3""]";"[""e6134e26-b8b5-4796-8741-4a2aa1934e87""]";86edd108003ef6c2aeba308d95678eeb51b2d398d323079ae7c16a74bd0e1506;C:\Users\tuszy\Documents\game_predicotr\imports\browser-selections\c2d8bd73-3718-4853-bcae-08dfd7be2ebb\00002740.jpg;8;removed;4
417664- 444276 cut;seq_442324-442332.jpg;442324;442332;korekta siatki;442332;"[""f36d3098-c8ea-464a-a3d6-8de265bd963d""]";"[""e6134e26-b8b5-4796-8741-4a2aa1934e87""]";e6ac4edd614ce1a5374d9b7101efa40375b765addc571bbb2cdc55da8024e000;C:\Users\tuszy\Documents\game_predicotr\imports\browser-selections\c2d8bd73-3718-4853-bcae-08dfd7be2ebb\00002741.jpg;8;removed;4
417664- 444276 cut;seq_442333-442341.jpg;442333;442341;korekta siatki;442341;"[""76c11548-5967-4a6b-908a-1162907c3efe""]";"[""e6134e26-b8b5-4796-8741-4a2aa1934e87""]";3f0d23bf051c56187ddf035da2ed3193ccaca89289a700bb6b980b80a3edaa66;C:\Users\tuszy\Documents\game_predicotr\imports\browser-selections\c2d8bd73-3718-4853-bcae-08dfd7be2ebb\00002742.jpg;8;removed;4
417664- 444276 cut;seq_442342-442350.jpg;442342;442350;korekta siatki;442350;"[""f82ef0ff-173d-4711-b888-f3bd8c935e2c""]";"[""e6134e26-b8b5-4796-8741-4a2aa1934e87""]";c28fd0cba9c5f2d93ffe4a04468cabe98af7b15a09f1c48c98d93a11f2113d77;C:\Users\tuszy\Documents\game_predicotr\imports\browser-selections\c2d8bd73-3718-4853-bcae-08dfd7be2ebb\00002743.jpg;8;removed;4
417664- 444276 cut;seq_442351-442359.jpg;442351;442359;korekta siatki;442359;"[""bc8e171f-0f97-4fc0-bbe4-56f2ce2be630""]";"[""e6134e26-b8b5-4796-8741-4a2aa1934e87""]";16b936f3e0ea9155e6fb482685d671b900f259168d2732e9c18bd5354afd9aae;C:\Users\tuszy\Documents\game_predicotr\imports\browser-selections\c2d8bd73-3718-4853-bcae-08dfd7be2ebb\00002744.jpg;8;removed;4
417664- 444276 cut;seq_442360-442368.jpg;442360;442368;korekta siatki;442368;"[""099a7db3-90aa-4639-b38e-b0cc106e1188""]";"[""e6134e26-b8b5-4796-8741-4a2aa1934e87""]";857f3fcb82b0375378be3bacbfd70da91cf6946c57477ef94d71c5524653a3ca;C:\Users\tuszy\Documents\game_predicotr\imports\browser-selections\c2d8bd73-3718-4853-bcae-08dfd7be2ebb\00002745.jpg;8;removed;4
417664- 444276 cut;seq_442369-442377.jpg;442369;442377;korekta siatki;442377;"[""7fd65dbe-629d-49e8-baad-26ef96dfbac9""]";"[""e6134e26-b8b5-4796-8741-4a2aa1934e87""]";00ace60b0a18000b750e24bba3fa11ee3f78e9816c11078cd7c59f4ba10fad5b;C:\Users\tuszy\Documents\game_predicotr\imports\browser-selections\c2d8bd73-3718-4853-bcae-08dfd7be2ebb\00002746.jpg;8;removed;4
417664- 444276 cut;seq_442378-442386.jpg;442378;442386;korekta siatki;442386;"[""6eeac71f-acd5-453e-bee6-78d48ad91ef5""]";"[""e6134e26-b8b5-4796-8741-4a2aa1934e87""]";ca1ae3fbeb4097b922472a141e948756c91e82277802cb34a5dbc52bd210e842;C:\Users\tuszy\Documents\game_predicotr\imports\browser-selections\c2d8bd73-3718-4853-bcae-08dfd7be2ebb\00002747.jpg;8;removed;4
417664- 444276 cut;seq_442387-442395.jpg;442387;442395;korekta siatki;442395;"[""fc79000e-4027-47a7-b492-2d5700324307""]";"[""e6134e26-b8b5-4796-8741-4a2aa1934e87""]";2f599aebc264c5f241d70cd4f76cf7e4e2ed135dd8f4a433c43a3a3df999ab4b;C:\Users\tuszy\Documents\game_predicotr\imports\browser-selections\c2d8bd73-3718-4853-bcae-08dfd7be2ebb\00002748.jpg;8;removed;4
417664- 444276 cut;seq_442396-442404.jpg;442396;442404;korekta siatki;442404;"[""12be1866-ec12-4224-8068-d4d1c9e59d36""]";"[""e6134e26-b8b5-4796-8741-4a2aa1934e87""]";8e6875ef824300c2aac466f2b3d1fdc0d6e216c9ad677cdc1e229fa72ef0e2a8;C:\Users\tuszy\Documents\game_predicotr\imports\browser-selections\c2d8bd73-3718-4853-bcae-08dfd7be2ebb\00002749.jpg;8;removed;4
417664- 444276 cut;seq_442405-442413.jpg;442405;442413;korekta siatki;442413;"[""f1aa15c5-5ef2-4f28-bd0d-3aa52ca6a3a9""]";"[""e6134e26-b8b5-4796-8741-4a2aa1934e87""]";951a53f194063ee008135f2b4c4d021ef5601a1ab7ed46bbd4122147c92d4f3f;C:\Users\tuszy\Documents\game_predicotr\imports\browser-selections\c2d8bd73-3718-4853-bcae-08dfd7be2ebb\00002750.jpg;8;removed;4
417664- 444276 cut;seq_442414-442422.jpg;442414;442422;korekta siatki;442422;"[""b977336a-9937-4550-817f-54ad084b8399""]";"[""e6134e26-b8b5-4796-8741-4a2aa1934e87""]";6406a30f8a90d045fd56b1bc4a9beb19fa3e3b511ef239b4580b1601046f5169;C:\Users\tuszy\Documents\game_predicotr\imports\browser-selections\c2d8bd73-3718-4853-bcae-08dfd7be2ebb\00002751.jpg;8;removed;4
417664- 444276 cut;seq_442423-442431.jpg;442423;442431;korekta siatki;442431;"[""b672e6d8-1e0f-4e0b-81fb-97379d36c328""]";"[""e6134e26-b8b5-4796-8741-4a2aa1934e87""]";9e84ff89af489d0d215fa896dd25890046d04949922648e102e4346a5fcaa190;C:\Users\tuszy\Documents\game_predicotr\imports\browser-selections\c2d8bd73-3718-4853-bcae-08dfd7be2ebb\00002752.jpg;8;removed;4
417664- 444276 cut;seq_442432-442440.jpg;442432;442440;korekta siatki;442440;"[""c39e30d0-f535-49d4-9a80-3350bd966a7a""]";"[""e6134e26-b8b5-4796-8741-4a2aa1934e87""]";f94928c48842b1093bfaec7884949dc2468c0dad7b5a0eae8650f04ab94b6279;C:\Users\tuszy\Documents\game_predicotr\imports\browser-selections\c2d8bd73-3718-4853-bcae-08dfd7be2ebb\00002753.jpg;8;removed;4
417664- 444276 cut;seq_442441-442449.jpg;442441;442449;korekta siatki;442449;"[""86503854-6e4f-4e64-a803-d55689f3ec2d""]";"[""e6134e26-b8b5-4796-8741-4a2aa1934e87""]";4b9094d2cd66302273757ec8fb043c3142817555777503ed6be31f71f6cb70d4;C:\Users\tuszy\Documents\game_predicotr\imports\browser-selections\c2d8bd73-3718-4853-bcae-08dfd7be2ebb\00002754.jpg;8;removed;4
417664- 444276 cut;seq_442450-442458.jpg;442450;442458;korekta siatki;442458;"[""0df42164-05f5-4eed-8c17-13eece0da587""]";"[""e6134e26-b8b5-4796-8741-4a2aa1934e87""]";9663ac96b8ff883d59a5d162514d845c0c876450975c6c5f4bf4c5b33813c953;C:\Users\tuszy\Documents\game_predicotr\imports\browser-selections\c2d8bd73-3718-4853-bcae-08dfd7be2ebb\00002755.jpg;8;removed;4
417664- 444276 cut;seq_442459-442467.jpg;442459;442467;korekta siatki;442467;"[""e18f6b7f-0bd5-4826-a88f-ca20277b829c""]";"[""e6134e26-b8b5-4796-8741-4a2aa1934e87""]";ad2395d36402f8140d6d51edd05a752a3f82760992c8364c06364945b5e8da0a;C:\Users\tuszy\Documents\game_predicotr\imports\browser-selections\c2d8bd73-3718-4853-bcae-08dfd7be2ebb\00002756.jpg;8;removed;4
417664- 444276 cut;seq_442468-442476.jpg;442468;442476;korekta siatki;442476;"[""da33f58f-95ae-4fba-ab0e-553f9e4f2c15""]";"[""e6134e26-b8b5-4796-8741-4a2aa1934e87""]";f57893a931b1c152aa2f828e6ad81ffc3486846c6fc3118ad8e549143d68a646;C:\Users\tuszy\Documents\game_predicotr\imports\browser-selections\c2d8bd73-3718-4853-bcae-08dfd7be2ebb\00002757.jpg;8;removed;4
417664- 444276 cut;seq_442477-442485.jpg;442477;442485;korekta siatki;442485;"[""a9749ae7-26d3-48da-906b-6e41f0fe14e8""]";"[""e6134e26-b8b5-4796-8741-4a2aa1934e87""]";593b6037c5c2d421a65bcf34ddbdbe01f3060f2197af72e7c241ac82533e0374;C:\Users\tuszy\Documents\game_predicotr\imports\browser-selections\c2d8bd73-3718-4853-bcae-08dfd7be2ebb\00002758.jpg;8;removed;4
417664- 444276 cut;seq_442486-442494.jpg;442486;442494;korekta siatki;442494;"[""976d445e-d207-431a-afb3-e8305e954dca""]";"[""e6134e26-b8b5-4796-8741-4a2aa1934e87""]";ccc394c5881dea9112dcf48d426d2a38b10818c4cf43dfbffaa77f7e5ff72a8d;C:\Users\tuszy\Documents\game_predicotr\imports\browser-selections\c2d8bd73-3718-4853-bcae-08dfd7be2ebb\00002759.jpg;8;removed;4
417664- 444276 cut;seq_442495-442503.jpg;442495;442503;korekta siatki;442503;"[""a14a8fe8-63bd-4e37-953c-aec87af2db1d""]";"[""e6134e26-b8b5-4796-8741-4a2aa1934e87""]";7a97d3960f0141f5c388f20a647f487b7885915c7f52cb96bef296ccf3ba01fe;C:\Users\tuszy\Documents\game_predicotr\imports\browser-selections\c2d8bd73-3718-4853-bcae-08dfd7be2ebb\00002760.jpg;8;removed;4
417664- 444276 cut;seq_442504-442512.jpg;442504;442512;korekta siatki;442512;"[""afa4a051-7bc6-4120-ab6d-5cde5a20f31c""]";"[""e6134e26-b8b5-4796-8741-4a2aa1934e87""]";e1949654b3b15d81a508d17b7208d0c08851357bb0311fb7b22cedff4bf2b5c8;C:\Users\tuszy\Documents\game_predicotr\imports\browser-selections\c2d8bd73-3718-4853-bcae-08dfd7be2ebb\00002761.jpg;8;removed;4
417664- 444276 cut;seq_442513-442521.jpg;442513;442521;korekta siatki;442521;"[""f3d5205b-3c52-416f-b344-3b8957246aaa""]";"[""e6134e26-b8b5-4796-8741-4a2aa1934e87""]";11cbf738f6fa0bff8eb6cea452f8cd8a53da999e4be29159496f17f481e1f977;C:\Users\tuszy\Documents\game_predicotr\imports\browser-selections\c2d8bd73-3718-4853-bcae-08dfd7be2ebb\00002762.jpg;8;removed;4
417664- 444276 cut;seq_442522-442530.jpg;442522;442530;korekta siatki;442529, 442530;"[""46287622-f1b8-4991-907b-347cce99071b""]";"[""e6134e26-b8b5-4796-8741-4a2aa1934e87""]";197584e243554e48027be9983ea2c77fd64a6dd621a26956e368b8550ced7c6b;C:\Users\tuszy\Documents\game_predicotr\imports\browser-selections\c2d8bd73-3718-4853-bcae-08dfd7be2ebb\00002763.jpg;7;removed;4
417664- 444276 cut;seq_442531-442539.jpg;442531;442539;korekta siatki;442539;"[""5cf2cf95-ee83-424a-9c29-9c3aad0fe4ca""]";"[""e6134e26-b8b5-4796-8741-4a2aa1934e87""]";054ee9a406a02579eeec7b345a6a17a1b6f7aab2cf4dae651ced599304731aac;C:\Users\tuszy\Documents\game_predicotr\imports\browser-selections\c2d8bd73-3718-4853-bcae-08dfd7be2ebb\00002764.jpg;8;removed;4
417664- 444276 cut;seq_442540-442548.jpg;442540;442548;korekta siatki;442548;"[""bcb49ffd-5b1f-45d4-8e92-7cac00605e14""]";"[""e6134e26-b8b5-4796-8741-4a2aa1934e87""]";5d31a2c0c3e3b2b6cf1279b43724c87bddeaedf836743f544b781df18934b345;C:\Users\tuszy\Documents\game_predicotr\imports\browser-selections\c2d8bd73-3718-4853-bcae-08dfd7be2ebb\00002765.jpg;8;removed;4
417664- 444276 cut;seq_442549-442557.jpg;442549;442557;korekta siatki;442557;"[""ffdeb987-400f-4755-a4fd-71f863ad6ddf""]";"[""e6134e26-b8b5-4796-8741-4a2aa1934e87""]";5d8ae773ef00d43b0378c2ce5d39426c497254882a023fd98e81fc8fbce77ff3;C:\Users\tuszy\Documents\game_predicotr\imports\browser-selections\c2d8bd73-3718-4853-bcae-08dfd7be2ebb\00002766.jpg;8;removed;4
417664- 444276 cut;seq_442558-442566.jpg;442558;442566;korekta siatki;442566;"[""53c17a04-0540-4ab6-b41c-d090e5c28c15""]";"[""e6134e26-b8b5-4796-8741-4a2aa1934e87""]";30fe4ee2c9488b5ddd98f6a791c253e50833477540b7e235b8e4086be4d3a49f;C:\Users\tuszy\Documents\game_predicotr\imports\browser-selections\c2d8bd73-3718-4853-bcae-08dfd7be2ebb\00002767.jpg;8;removed;4
417664- 444276 cut;seq_442567-442575.jpg;442567;442575;korekta siatki;442575;"[""8bd5666d-f7c1-4400-8ccb-fcb47bb4da91""]";"[""e6134e26-b8b5-4796-8741-4a2aa1934e87""]";3e2d93bd60330061141398f98f67e84960265775477186167c1a05bcd2545799;C:\Users\tuszy\Documents\game_predicotr\imports\browser-selections\c2d8bd73-3718-4853-bcae-08dfd7be2ebb\00002768.jpg;8;removed;4
417664- 444276 cut;seq_442576-442584.jpg;442576;442584;korekta siatki;442584;"[""da1cc275-42ed-4c2d-bc3d-cc89da60af3f""]";"[""e6134e26-b8b5-4796-8741-4a2aa1934e87""]";5f5f4e1d6f0b6e20856f0c97d516cc1ce993b375d478ac02cdbb795d049f72fa;C:\Users\tuszy\Documents\game_predicotr\imports\browser-selections\c2d8bd73-3718-4853-bcae-08dfd7be2ebb\00002769.jpg;8;removed;4
417664- 444276 cut;seq_442585-442593.jpg;442585;442593;korekta siatki;442593;"[""428f4fa7-4a36-481c-8955-22ed9cd54d69""]";"[""e6134e26-b8b5-4796-8741-4a2aa1934e87""]";a453520ac688c6312f8944786f7b91c8b74c85bad0c136d31a30d6dbb5bba1bc;C:\Users\tuszy\Documents\game_predicotr\imports\browser-selections\c2d8bd73-3718-4853-bcae-08dfd7be2ebb\00002770.jpg;8;removed;4
417664- 444276 cut;seq_442594-442602.jpg;442594;442602;korekta siatki;442602;"[""2be40c1b-2f44-45ed-8b21-ed2e022bcde2""]";"[""e6134e26-b8b5-4796-8741-4a2aa1934e87""]";ced4c5f4b66fd166e764781647e655e4331a29b8175e7a565b017e606bc82ef9;C:\Users\tuszy\Documents\game_predicotr\imports\browser-selections\c2d8bd73-3718-4853-bcae-08dfd7be2ebb\00002771.jpg;8;removed;5
417664- 444276 cut;seq_442603-442611.jpg;442603;442611;korekta siatki;442611;"[""8b991e40-f6fa-46fe-9c90-76ce5c3075a5""]";"[""e6134e26-b8b5-4796-8741-4a2aa1934e87""]";2d34df7447307ba1383ea8d1d2b29379a6aa1523673328b71db12a597b5b1bfe;C:\Users\tuszy\Documents\game_predicotr\imports\browser-selections\c2d8bd73-3718-4853-bcae-08dfd7be2ebb\00002772.jpg;8;removed;5
417664- 444276 cut;seq_442612-442620.jpg;442612;442620;korekta siatki;442620;"[""784a9ee9-b61d-4e73-aaa6-b9a1fc44232f""]";"[""e6134e26-b8b5-4796-8741-4a2aa1934e87""]";5a2ff01dcfe88b06bd3a6a88b608e77e78dd6040aa2d886ba075765f58ea7a07;C:\Users\tuszy\Documents\game_predicotr\imports\browser-selections\c2d8bd73-3718-4853-bcae-08dfd7be2ebb\00002773.jpg;8;removed;5
417664- 444276 cut;seq_443881-443889.jpg;443881;443889;korekta siatki;443889;"[""e62afb1c-6690-4c2d-adef-04a148227f5b""]";"[""e6134e26-b8b5-4796-8741-4a2aa1934e87""]";cb7963ebc78bd0290023816853b9dc22a8b5b9591b46842fbd2facb83ba84eda;C:\Users\tuszy\Documents\game_predicotr\imports\browser-selections\c2d8bd73-3718-4853-bcae-08dfd7be2ebb\00002914.jpg;8;removed;5
417664- 444276 cut;seq_443890-443898.jpg;443890;443898;korekta siatki;443898;"[""59a36782-3460-43d8-8ce5-c4d78bd6ce6f""]";"[""e6134e26-b8b5-4796-8741-4a2aa1934e87""]";9323c409204d10fcac1bc53ad41a2f7482fc762c7656ecf04c0a278c7b61485e;C:\Users\tuszy\Documents\game_predicotr\imports\browser-selections\c2d8bd73-3718-4853-bcae-08dfd7be2ebb\00002915.jpg;8;removed;5
444277 - 469989 cut;seq_444421-444429.jpg;444421;444429;korekta siatki;444421;"[""b5066238-0283-4a08-9812-970f36ef5af1""]";"[""81717b43-10ed-4687-b768-9a37905703db""]";608924c6310768d73586d15dae66deba9c3a16f244efea2084d770c7f8964866;C:\Users\tuszy\Documents\game_predicotr\imports\browser-selections\9e1a8e57-a9ac-498f-849c-72258b42ca64\00000017.jpg;8;removed;5
444277 - 469989 cut;seq_444430-444438.jpg;444430;444438;korekta siatki;444430;"[""e0d0e1fc-16e9-4f05-a9d7-d7227f3f9b83""]";"[""81717b43-10ed-4687-b768-9a37905703db""]";52ae7807d0b0ca6d2cabffedd0870758ae10c337c146457835370d0b1bc8d892;C:\Users\tuszy\Documents\game_predicotr\imports\browser-selections\9e1a8e57-a9ac-498f-849c-72258b42ca64\00000018.jpg;8;removed;5
444277 - 469989 cut;seq_444448-444456.jpg;444448;444456;korekta siatki;444448;"[""5b4e293a-50fb-4dfa-a137-b9f7bd856693""]";"[""81717b43-10ed-4687-b768-9a37905703db""]";d92c5917db3be8bd49c3e42d59f5ce0fdb7a2d2762428921b21ab838c7e9fe07;C:\Users\tuszy\Documents\game_predicotr\imports\browser-selections\9e1a8e57-a9ac-498f-849c-72258b42ca64\00000020.jpg;8;removed;5
444277 - 469989 cut;seq_444457-444465.jpg;444457;444465;korekta siatki;444457;"[""dff952a0-9f40-441c-b540-e7ca66222051""]";"[""81717b43-10ed-4687-b768-9a37905703db""]";3dd90f66d08193fa48aec92cf448dbf7227fd30e0d1af90a475954bf470a8eee;C:\Users\tuszy\Documents\game_predicotr\imports\browser-selections\9e1a8e57-a9ac-498f-849c-72258b42ca64\00000021.jpg;8;removed;5
444277 - 469989 cut;seq_445393-445401.jpg;445393;445401;korekta siatki;445401;"[""a08438c7-a79c-4805-9713-8fff0ce2ce99""]";"[""81717b43-10ed-4687-b768-9a37905703db""]";6a554c36a2bd8703b36d2f33713e03d47a44c0ecd75ba4230a7831cc77526689;C:\Users\tuszy\Documents\game_predicotr\imports\browser-selections\9e1a8e57-a9ac-498f-849c-72258b42ca64\00000125.jpg;8;removed;5
444277 - 469989 cut;seq_445402-445410.jpg;445402;445410;korekta siatki;445410;"[""8e953032-6e0a-4e49-9dfb-05cc642f0294""]";"[""81717b43-10ed-4687-b768-9a37905703db""]";10ba12ddbc432bcebcb7cf26e307a18413db0f503c92a9b870243a4cf1f40449;C:\Users\tuszy\Documents\game_predicotr\imports\browser-selections\9e1a8e57-a9ac-498f-849c-72258b42ca64\00000126.jpg;8;removed;5
444277 - 469989 cut;seq_445411-445419.jpg;445411;445419;korekta siatki;445419;"[""b3c92e39-a137-4ee1-a62e-ad30fb7354e2""]";"[""81717b43-10ed-4687-b768-9a37905703db""]";f8e30c4d2be4b5a04cc22594190c73b3cfcbd211c191bf79b150fbf21d92d962;C:\Users\tuszy\Documents\game_predicotr\imports\browser-selections\9e1a8e57-a9ac-498f-849c-72258b42ca64\00000127.jpg;8;removed;5
444277 - 469989 cut;seq_445420-445428.jpg;445420;445428;korekta siatki;445428;"[""14bd7266-868e-414f-96c3-cfa825800083""]";"[""81717b43-10ed-4687-b768-9a37905703db""]";1a23bd2a9469e4f88c13cef186518dbd8a5cdf8fdac85a524d814c808b80c6d9;C:\Users\tuszy\Documents\game_predicotr\imports\browser-selections\9e1a8e57-a9ac-498f-849c-72258b42ca64\00000128.jpg;8;removed;5
444277 - 469989 cut;seq_445429-445437.jpg;445429;445437;korekta siatki;445437;"[""86ba39bc-2d6d-498e-a028-3700aa1add57""]";"[""81717b43-10ed-4687-b768-9a37905703db""]";3a10b887aad9cc36a21c9dc04c28fddcb3ca5ac40bcada14568fbecd5d01dfb9;C:\Users\tuszy\Documents\game_predicotr\imports\browser-selections\9e1a8e57-a9ac-498f-849c-72258b42ca64\00000129.jpg;8;removed;5
444277 - 469989 cut;seq_456868-456876.jpg;456868;456876;korekta siatki;456876;"[""1353e241-e3af-40e8-8f3a-89210d56ea8c""]";"[""81717b43-10ed-4687-b768-9a37905703db""]";37b72d25ea465e40700cd9976423bf076b1cad7aca359c02e7465bfa6e35b642;C:\Users\tuszy\Documents\game_predicotr\imports\browser-selections\9e1a8e57-a9ac-498f-849c-72258b42ca64\00001131.jpg;8;removed;5
444277 - 469989 cut;seq_456877-456885.jpg;456877;456885;korekta siatki;456885;"[""7cd3eadc-02d5-4fc5-993e-e870f0b0dce9""]";"[""81717b43-10ed-4687-b768-9a37905703db""]";06094a377c3c00e3c4f4fb0912565e8e05218cfe864c388b9d1e118a9b9160e8;C:\Users\tuszy\Documents\game_predicotr\imports\browser-selections\9e1a8e57-a9ac-498f-849c-72258b42ca64\00001132.jpg;8;removed;5
444277 - 469989 cut;seq_466813-466821.jpg;466813;466821;korekta siatki;466821;"[""0cbb6022-f8b7-420e-91b6-65dae23893d8""]";"[""81717b43-10ed-4687-b768-9a37905703db""]";2b1f27580e7b0e09f5e09656859055f36b218046bfc81aaf8e247d818b4c0fbd;C:\Users\tuszy\Documents\game_predicotr\imports\browser-selections\9e1a8e57-a9ac-498f-849c-72258b42ca64\00002236.jpg;8;removed;5
444277 - 469989 cut;seq_466822-466830.jpg;466822;466830;korekta siatki;466830;"[""1761938d-5ead-4104-9840-371125180947""]";"[""81717b43-10ed-4687-b768-9a37905703db""]";507325340d387c6023e114ce42911d9a491475de75fefd2d61ad7edbb97a61e0;C:\Users\tuszy\Documents\game_predicotr\imports\browser-selections\9e1a8e57-a9ac-498f-849c-72258b42ca64\00002237.jpg;8;removed;5
444277 - 469989 cut;seq_466831-466839.jpg;466831;466839;korekta siatki;466839;"[""a8e0cbea-5ea5-49b9-9759-1dbd948e71a7""]";"[""81717b43-10ed-4687-b768-9a37905703db""]";0cc41f8b483c18cf69fbebb5e2ef9c69595bae5a0687d3a5b6c6d3b7f4c5e6c4;C:\Users\tuszy\Documents\game_predicotr\imports\browser-selections\9e1a8e57-a9ac-498f-849c-72258b42ca64\00002238.jpg;8;removed;5
444277 - 469989 cut;seq_466840-466848.jpg;466840;466848;korekta siatki;466848;"[""f732ff56-ad01-49c1-b7dd-ab33a87a1887""]";"[""81717b43-10ed-4687-b768-9a37905703db""]";5eb3481c3430d9f4238c870a685bc3ef9a53c11617e3ef1258572afe8fa43cc2;C:\Users\tuszy\Documents\game_predicotr\imports\browser-selections\9e1a8e57-a9ac-498f-849c-72258b42ca64\00002239.jpg;8;removed;5
444277 - 469989 cut;seq_466849-466857.jpg;466849;466857;korekta siatki;466857;"[""b1980e68-a962-4193-80d9-1d1d6ac4f22d""]";"[""81717b43-10ed-4687-b768-9a37905703db""]";c5c3c6de7c2b2710e4233ee834cfe2c2aef487880a46b2a39a5c31a7738e8ff3;C:\Users\tuszy\Documents\game_predicotr\imports\browser-selections\9e1a8e57-a9ac-498f-849c-72258b42ca64\00002240.jpg;8;removed;5
444277 - 469989 cut;seq_466858-466866.jpg;466858;466866;korekta siatki;466866;"[""715cc1a8-fe2a-4105-907f-ceca3101d878""]";"[""81717b43-10ed-4687-b768-9a37905703db""]";144ce1e8f348708de72e96a8d92623904a10b441770f37f8b8f7ad6eac261498;C:\Users\tuszy\Documents\game_predicotr\imports\browser-selections\9e1a8e57-a9ac-498f-849c-72258b42ca64\00002241.jpg;8;removed;5
444277 - 469989 cut;seq_466867-466875.jpg;466867;466875;korekta siatki;466875;"[""aa108dd3-0752-4f69-926e-3b67c9a309f9""]";"[""81717b43-10ed-4687-b768-9a37905703db""]";4b360076e502a07a2b0b84a691aa7acf99f59bda7c0d33406e52a8c39aae80dc;C:\Users\tuszy\Documents\game_predicotr\imports\browser-selections\9e1a8e57-a9ac-498f-849c-72258b42ca64\00002242.jpg;8;removed;5
444277 - 469989 cut;seq_466876-466884.jpg;466876;466884;korekta siatki;466884;"[""dcb056d4-4414-4e78-88d9-32c4bfb4d99a""]";"[""81717b43-10ed-4687-b768-9a37905703db""]";4f5b07c48f9d755e0a546a4c5a13a64ef0e582078b0ec5b85f407272f000b217;C:\Users\tuszy\Documents\game_predicotr\imports\browser-selections\9e1a8e57-a9ac-498f-849c-72258b42ca64\00002243.jpg;8;removed;5
444277 - 469989 cut;seq_466885-466893.jpg;466885;466893;korekta siatki;466893;"[""d0f595d1-d8dd-4ad4-b79e-894e1ada6748""]";"[""81717b43-10ed-4687-b768-9a37905703db""]";0c07a74782a1f3233f26f37295b0715f5003f99db88f05aa30825af4cb538a86;C:\Users\tuszy\Documents\game_predicotr\imports\browser-selections\9e1a8e57-a9ac-498f-849c-72258b42ca64\00002244.jpg;8;removed;5
444277 - 469989 cut;seq_466894-466902.jpg;466894;466902;korekta siatki;466902;"[""5bd5abd4-38b3-4660-b72e-b211ef3883e1""]";"[""81717b43-10ed-4687-b768-9a37905703db""]";46dcc7be8899e3e5227e7cbb6990c423f523e9f7b7ebe2b396fda87e6ea63c1e;C:\Users\tuszy\Documents\game_predicotr\imports\browser-selections\9e1a8e57-a9ac-498f-849c-72258b42ca64\00002245.jpg;8;removed;5
444277 - 469989 cut;seq_466903-466911.jpg;466903;466911;korekta siatki;466911;"[""2f5bd230-c73f-41db-9b88-459c65a79581""]";"[""81717b43-10ed-4687-b768-9a37905703db""]";2da9a2364eeec7ba3e3a9bcfb96b1c8270023490db232986f56257946f581385;C:\Users\tuszy\Documents\game_predicotr\imports\browser-selections\9e1a8e57-a9ac-498f-849c-72258b42ca64\00002246.jpg;8;removed;5
444277 - 469989 cut;seq_466912-466920.jpg;466912;466920;korekta siatki;466920;"[""649e4686-a727-45fb-920e-c99b5b846340""]";"[""81717b43-10ed-4687-b768-9a37905703db""]";d40c4ed7a6c6a042553ec3d13236519e22a831ea1e29fb60ec13dcfa6c8db3f1;C:\Users\tuszy\Documents\game_predicotr\imports\browser-selections\9e1a8e57-a9ac-498f-849c-72258b42ca64\00002247.jpg;8;removed;5
444277 - 469989 cut;seq_466921-466929.jpg;466921;466929;korekta siatki;466929;"[""c394a0ad-649d-40a2-8eb2-f2a0985eb49b""]";"[""81717b43-10ed-4687-b768-9a37905703db""]";3e45e80660311ebc9c5e5278d928cd51bcd465fbe2e589f5063a5b55fd35beaf;C:\Users\tuszy\Documents\game_predicotr\imports\browser-selections\9e1a8e57-a9ac-498f-849c-72258b42ca64\00002248.jpg;8;removed;5
444277 - 469989 cut;seq_466930-466938.jpg;466930;466938;korekta siatki;466938;"[""3aeeb694-9ff8-4709-890e-2ccd8a8b30c5""]";"[""81717b43-10ed-4687-b768-9a37905703db""]";0cce8b39b936a812da63d8ca2ffacdfcde933bb43b9ae999458254fc0fb66d6a;C:\Users\tuszy\Documents\game_predicotr\imports\browser-selections\9e1a8e57-a9ac-498f-849c-72258b42ca64\00002249.jpg;8;removed;5
444277 - 469989 cut;seq_466939-466947.jpg;466939;466947;korekta siatki;466947;"[""5a42f9ad-4224-4e80-8443-639899072cb6""]";"[""81717b43-10ed-4687-b768-9a37905703db""]";713bd02c0e22a5e38807f6440372dd02c88d580f5f854effb3dd9d3a7204b967;C:\Users\tuszy\Documents\game_predicotr\imports\browser-selections\9e1a8e57-a9ac-498f-849c-72258b42ca64\00002250.jpg;8;removed;5
444277 - 469989 cut;seq_466948-466956.jpg;466948;466956;korekta siatki;466956;"[""5a6d5edf-9096-4296-9f50-ef514b73ca09""]";"[""81717b43-10ed-4687-b768-9a37905703db""]";5ee438ea7f6588020d575d84a390d3d63f38a9e4b22204c6e65c6c71398ebdd0;C:\Users\tuszy\Documents\game_predicotr\imports\browser-selections\9e1a8e57-a9ac-498f-849c-72258b42ca64\00002251.jpg;8;removed;5
444277 - 469989 cut;seq_466957-466965.jpg;466957;466965;korekta siatki;466965;"[""4acdfbdc-b1e7-44a9-ab4b-cd17d6bdda71""]";"[""81717b43-10ed-4687-b768-9a37905703db""]";aa15e56044c4e0221893b21067368d338dc27491e1f56e30b7559efb3e78874d;C:\Users\tuszy\Documents\game_predicotr\imports\browser-selections\9e1a8e57-a9ac-498f-849c-72258b42ca64\00002252.jpg;8;removed;5
444277 - 469989 cut;seq_466966-466974.jpg;466966;466974;korekta siatki;466974;"[""fc736397-17e6-417a-880f-37bd304b5910""]";"[""81717b43-10ed-4687-b768-9a37905703db""]";05fd6c024117171c6cb831ba129a1dd906407de704540fdcb277524da69e221b;C:\Users\tuszy\Documents\game_predicotr\imports\browser-selections\9e1a8e57-a9ac-498f-849c-72258b42ca64\00002253.jpg;8;removed;5
444277 - 469989 cut;seq_466975-466983.jpg;466975;466983;korekta siatki;466983;"[""92217a9c-bc77-4b1f-9dbd-d4bba3d381ad""]";"[""81717b43-10ed-4687-b768-9a37905703db""]";bcab1ed3d045882c41b3c0ddf449d469afde7001e84013faf5299dc932334462;C:\Users\tuszy\Documents\game_predicotr\imports\browser-selections\9e1a8e57-a9ac-498f-849c-72258b42ca64\00002254.jpg;8;removed;5
444277 - 469989 cut;seq_466984-466992.jpg;466984;466992;korekta siatki;466992;"[""1312ff3d-fc2a-482d-b65b-4a46dde9aa59""]";"[""81717b43-10ed-4687-b768-9a37905703db""]";9fd81636439e61a340ed7df00d37f1caaa9250e57b11b5d35fd58a24997bd3e5;C:\Users\tuszy\Documents\game_predicotr\imports\browser-selections\9e1a8e57-a9ac-498f-849c-72258b42ca64\00002255.jpg;8;removed;5
444277 - 469989 cut;seq_466993-467001.jpg;466993;467001;korekta siatki;467001;"[""174a20fe-b754-472a-9f85-613460da2b91""]";"[""81717b43-10ed-4687-b768-9a37905703db""]";e734988712bfcfddf1a9cb1fe41d8906b6533351db892985af2bb1a661647548;C:\Users\tuszy\Documents\game_predicotr\imports\browser-selections\9e1a8e57-a9ac-498f-849c-72258b42ca64\00002256.jpg;8;removed;5
444277 - 469989 cut;seq_467065-467073.jpg;467065;467073;częściowo widoczne symbole;467073;"[""0871298a-7ed9-4977-8fdf-560bcd12d0c7""]";"[""81717b43-10ed-4687-b768-9a37905703db""]";b8ee8af17832ea7f95842702929d68f2e486178431eb0665de5c3ff93b3d415e;C:\Users\tuszy\Documents\game_predicotr\imports\browser-selections\9e1a8e57-a9ac-498f-849c-72258b42ca64\00002264.jpg;9;removed;5
444277 - 469989 cut;seq_467119-467127.jpg;467119;467127;korekta siatki;467127;"[""ca117d54-c5af-4cb7-88c0-d97f9d2a5d33""]";"[""81717b43-10ed-4687-b768-9a37905703db""]";b9572bcab214d614b5377153bf39f15f9b3e2926fb91a2fbc0bdc43820bf717d;C:\Users\tuszy\Documents\game_predicotr\imports\browser-selections\9e1a8e57-a9ac-498f-849c-72258b42ca64\00002270.jpg;8;removed;5
444277 - 469989 cut;seq_467128-467136.jpg;467128;467136;korekta siatki;467136;"[""ee9afe37-8046-48e4-919a-2a49f661f5c8""]";"[""81717b43-10ed-4687-b768-9a37905703db""]";55c792976a86b52bfce61975d82ba21801b155a031071d105f82a7824b94aca2;C:\Users\tuszy\Documents\game_predicotr\imports\browser-selections\9e1a8e57-a9ac-498f-849c-72258b42ca64\00002271.jpg;8;removed;5
469900 - 481536 cut;seq_470053-470061.jpg;470053;470061;korekta siatki;470053;"[""b3eb98a3-7485-47ac-ac16-d26be3c8370c""]";"[""24c7cbd3-29bb-450c-bdf3-440849957894""]";ae9efd5799a29e6b597d3da0a9dabb25effc22ca7c0970caee86e5a7c7cdbb97;C:\Users\tuszy\Documents\game_predicotr\imports\browser-selections\d8544a2f-8c96-4c0f-aa2f-72f50958e397\00000008.jpg;8;removed;5
469900 - 481536 cut;seq_470062-470070.jpg;470062;470070;korekta siatki;470062, 470063;"[""542c3252-6cc1-40ad-9cc6-6201d27d8f61""]";"[""24c7cbd3-29bb-450c-bdf3-440849957894""]";7c233fe996277f2c86b43ef23e2d5c8d2d38e25f05e00b1933159f61440d789b;C:\Users\tuszy\Documents\game_predicotr\imports\browser-selections\d8544a2f-8c96-4c0f-aa2f-72f50958e397\00000009.jpg;7;removed;5
469900 - 481536 cut;seq_470071-470079.jpg;470071;470079;korekta siatki;470071, 470072;"[""39da4b61-68ea-4071-bc3e-3ce206a71cd9""]";"[""24c7cbd3-29bb-450c-bdf3-440849957894""]";f69133d15e1d4ccbf7e49dbfa4c5b8940ff71971693e2740da226055059686ea;C:\Users\tuszy\Documents\game_predicotr\imports\browser-selections\d8544a2f-8c96-4c0f-aa2f-72f50958e397\00000010.jpg;7;removed;5
469900 - 481536 cut;seq_470530-470538.jpg;470530;470538;korekta siatki;470530;"[""29fbb70d-fad3-4919-a06a-c098e5ec0e85""]";"[""24c7cbd3-29bb-450c-bdf3-440849957894""]";747730b70de4ccbdf4942c0d29b6ef6202140e24f211d1c701fb70f3d3668f71;C:\Users\tuszy\Documents\game_predicotr\imports\browser-selections\d8544a2f-8c96-4c0f-aa2f-72f50958e397\00000061.jpg;8;removed;5
469900 - 481536 cut;seq_470539-470547.jpg;470539;470547;korekta siatki;470539, 470540;"[""05315843-36fe-4731-a628-52fa3a2d43ad""]";"[""24c7cbd3-29bb-450c-bdf3-440849957894""]";fe2c6bb346efa616278999d0c95c053306c6b847f6c43d919a05a942164edee3;C:\Users\tuszy\Documents\game_predicotr\imports\browser-selections\d8544a2f-8c96-4c0f-aa2f-72f50958e397\00000062.jpg;7;removed;5
469900 - 481536 cut;seq_470548-470556.jpg;470548;470556;korekta siatki;470548, 470549;"[""cde5c5fe-c493-4ec7-af1a-0c9bf00e61ae""]";"[""24c7cbd3-29bb-450c-bdf3-440849957894""]";4ecea6ea4040d20c0ab995f255297b9c89d3eeb075d8d9a81736d011c63154cb;C:\Users\tuszy\Documents\game_predicotr\imports\browser-selections\d8544a2f-8c96-4c0f-aa2f-72f50958e397\00000063.jpg;7;removed;5
469900 - 481536 cut;seq_470557-470565.jpg;470557;470565;korekta siatki;470557, 470558;"[""1a352533-1116-4b2b-a9d4-e9d04d57f69f""]";"[""24c7cbd3-29bb-450c-bdf3-440849957894""]";5bfabca1cb606e4e12b0b8a1b779ed51240c392c0763b1ada1862a54ee40c57e;C:\Users\tuszy\Documents\game_predicotr\imports\browser-selections\d8544a2f-8c96-4c0f-aa2f-72f50958e397\00000064.jpg;7;removed;5
469900 - 481536 cut;seq_470566-470574.jpg;470566;470574;korekta siatki;470566, 470567;"[""fc5a85bb-837a-46f1-8de1-ca9d9084a457""]";"[""24c7cbd3-29bb-450c-bdf3-440849957894""]";f2f0858eac0a0c6a017929e457120771b07cfd4e3d863c95f1bade47ecee7672;C:\Users\tuszy\Documents\game_predicotr\imports\browser-selections\d8544a2f-8c96-4c0f-aa2f-72f50958e397\00000065.jpg;7;removed;5
469900 - 481536 cut;seq_474013-474021.jpg;474013;474021;korekta siatki;474013;"[""dfbba836-4f4f-4533-b1dd-ea8eecd51a06""]";"[""24c7cbd3-29bb-450c-bdf3-440849957894""]";342ef6dfeda62fe925c45efdb7f93ec7e4338637d2cd2c569a4835b49d31be62;C:\Users\tuszy\Documents\game_predicotr\imports\browser-selections\d8544a2f-8c96-4c0f-aa2f-72f50958e397\00000448.jpg;8;removed;5
469900 - 481536 cut;seq_474022-474030.jpg;474022;474030;korekta siatki;474022, 474023;"[""b35ce466-582d-4262-ac89-917dcb7222bb""]";"[""24c7cbd3-29bb-450c-bdf3-440849957894""]";a9183495617f5167bcbf21854cfa0ef44488f04c88efec9e360ee37db5155a62;C:\Users\tuszy\Documents\game_predicotr\imports\browser-selections\d8544a2f-8c96-4c0f-aa2f-72f50958e397\00000449.jpg;7;removed;5
469900 - 481536 cut;seq_476155-476163.jpg;476155;476163;korekta siatki;476155;"[""b5415ce4-a9e8-430d-a767-d2d0398c0953""]";"[""24c7cbd3-29bb-450c-bdf3-440849957894""]";e9f4ff47d23ac3724d8e9f0c3cda58bfc16373d5644fe6e5570d0be8a7753b9b;C:\Users\tuszy\Documents\game_predicotr\imports\browser-selections\d8544a2f-8c96-4c0f-aa2f-72f50958e397\00000686.jpg;8;removed;5
469900 - 481536 cut;seq_476164-476172.jpg;476164;476172;korekta siatki;476164;"[""04f8af53-e852-462c-89c1-f883f4a16726""]";"[""24c7cbd3-29bb-450c-bdf3-440849957894""]";bb38db37dcb43902f6887b69b616af9012ac7cbbe63107b113363fa3dc41c471;C:\Users\tuszy\Documents\game_predicotr\imports\browser-selections\d8544a2f-8c96-4c0f-aa2f-72f50958e397\00000687.jpg;8;removed;5
469900 - 481536 cut;seq_476713-476721.jpg;476713;476721;korekta siatki;476713;"[""f6013a56-61e3-43e4-906f-cce0111eecf7""]";"[""24c7cbd3-29bb-450c-bdf3-440849957894""]";32b04deb0d1af1a92597c789b77e969062f25f9694d05282831d3a6df5ccc19a;C:\Users\tuszy\Documents\game_predicotr\imports\browser-selections\d8544a2f-8c96-4c0f-aa2f-72f50958e397\00000748.jpg;8;removed;5
469900 - 481536 cut;seq_476722-476730.jpg;476722;476730;korekta siatki;476722;"[""f4c63d57-13f4-4e1a-bef4-3d15ba5724be""]";"[""24c7cbd3-29bb-450c-bdf3-440849957894""]";914335c1bb4622806cb930525988de5bea5c207ad4883a08a8265b62b34e9341;C:\Users\tuszy\Documents\game_predicotr\imports\browser-selections\d8544a2f-8c96-4c0f-aa2f-72f50958e397\00000749.jpg;8;removed;5
481537- 500000 cut;seq_485704-485712.jpg;485704;485712;korekta siatki;485704;"[""5abdca9d-d0a4-4fb3-9f3a-dea75efaf8e1""]";"[""2ad14918-1f23-47b5-8e0c-47ea638724bd""]";e7833140784f29c47350fd3e0148ddb78db5c6c9cae84436c40ece99a344e5be;C:\Users\tuszy\Documents\game_predicotr\imports\browser-selections\1bf38f92-ff45-4af7-bdb0-13b9af039e50\00000464.jpg;8;removed;5
